
 /----------------------------------------------------------------------------\
 |  yosys -- Yosys Open SYnthesis Suite                                       |
 |  Copyright (C) 2012 - 2024  Claire Xenia Wolf <claire@yosyshq.com>         |
 |  Distributed under an ISC-like license, type "license" to see terms        |
 \----------------------------------------------------------------------------/
 Yosys 0.46 (git sha1 e97731b9dda91fa5fa53ed87df7c34163ba59a41, clang++ 17.0.6 -fPIC -O3)
Loaded SDC plugin

1. Executing Liberty frontend: /home/bao/.volare/volare/sky130/versions/0fe599b2afb6708d281543108caf8310912f54af/sky130A/libs.ref/sky130_fd_sc_hd/lib/sky130_fd_sc_hd__tt_025C_1v80.lib
Imported 428 cell types from liberty file.
[INFO] Using SDC file '/home/bao/ECE410-HW4AI/project/m3/synth/runs/RUN_2026-05-20_22-07-48/06-yosys-synthesis/synthesis.abc.sdc' for ABC…

2. Executing Verilog-2005 frontend: /home/bao/ECE410-HW4AI/project/m3/synth/v2005/kmeans_dist_core_pipelined.v
Parsing SystemVerilog input from `/home/bao/ECE410-HW4AI/project/m3/synth/v2005/kmeans_dist_core_pipelined.v' to AST representation.
Storing AST representation for module `$abstract\kmeans_dist_core_pipelined'.
Successfully finished Verilog frontend.

3. Executing Verilog-2005 frontend: /home/bao/ECE410-HW4AI/project/m3/synth/v2005/axil_slave_int.v
Parsing SystemVerilog input from `/home/bao/ECE410-HW4AI/project/m3/synth/v2005/axil_slave_int.v' to AST representation.
Storing AST representation for module `$abstract\axil_slave_int'.
Successfully finished Verilog frontend.

4. Executing Verilog-2005 frontend: /home/bao/ECE410-HW4AI/project/m3/synth/v2005/top.v
Parsing SystemVerilog input from `/home/bao/ECE410-HW4AI/project/m3/synth/v2005/top.v' to AST representation.
Storing AST representation for module `$abstract\top'.
Successfully finished Verilog frontend.

5. Executing HIERARCHY pass (managing design hierarchy).

6. Executing AST frontend in derive mode using pre-parsed AST for module `\top'.
Generating RTLIL representation for module `\top'.

6.1. Analyzing design hierarchy..
Top module:  \top
Parameter \ADDR_W = 12
Parameter \K = 16
Parameter \D = 3
Parameter \DATA_W = 8
Parameter \DIST_W = 18
Parameter \LABEL_W = 4

6.2. Executing AST frontend in derive mode using pre-parsed AST for module `\axil_slave_int'.
Parameter \ADDR_W = 12
Parameter \K = 16
Parameter \D = 3
Parameter \DATA_W = 8
Parameter \DIST_W = 18
Parameter \LABEL_W = 4
Generating RTLIL representation for module `$paramod$8649f25cd3d7de109d0031f9c169b3c16bec957e\axil_slave_int'.
Warning: Replacing memory \reg_centroids with list of registers. See /home/bao/ECE410-HW4AI/project/m3/synth/v2005/axil_slave_int.v:158
Warning: Replacing memory \reg_pixel with list of registers. See /home/bao/ECE410-HW4AI/project/m3/synth/v2005/axil_slave_int.v:157

6.3. Analyzing design hierarchy..
Top module:  \top
Used module:     $paramod$8649f25cd3d7de109d0031f9c169b3c16bec957e\axil_slave_int
Parameter \K = 16
Parameter \D = 3
Parameter \DATA_W = 8
Parameter \DIST_W = 18
Parameter \LABEL_W = 4

6.4. Executing AST frontend in derive mode using pre-parsed AST for module `\kmeans_dist_core_pipelined'.
Parameter \K = 16
Parameter \D = 3
Parameter \DATA_W = 8
Parameter \DIST_W = 18
Parameter \LABEL_W = 4
Generating RTLIL representation for module `$paramod$4b7811f44621306de1934956b7faac1b18231a88\kmeans_dist_core_pipelined'.
Warning: Replacing memory \s2_l with list of registers. See /home/bao/ECE410-HW4AI/project/m3/synth/v2005/kmeans_dist_core_pipelined.v:128
Warning: Replacing memory \s2_d with list of registers. See /home/bao/ECE410-HW4AI/project/m3/synth/v2005/kmeans_dist_core_pipelined.v:127
Warning: Replacing memory \s2_l_c with list of registers. See /home/bao/ECE410-HW4AI/project/m3/synth/v2005/kmeans_dist_core_pipelined.v:110
Warning: Replacing memory \s2_d_c with list of registers. See /home/bao/ECE410-HW4AI/project/m3/synth/v2005/kmeans_dist_core_pipelined.v:109
Warning: Replacing memory \l1_l with list of registers. See /home/bao/ECE410-HW4AI/project/m3/synth/v2005/kmeans_dist_core_pipelined.v:110, /home/bao/ECE410-HW4AI/project/m3/synth/v2005/kmeans_dist_core_pipelined.v:100
Warning: Replacing memory \l1_d with list of registers. See /home/bao/ECE410-HW4AI/project/m3/synth/v2005/kmeans_dist_core_pipelined.v:108, /home/bao/ECE410-HW4AI/project/m3/synth/v2005/kmeans_dist_core_pipelined.v:99
Warning: Replacing memory \s1_kdist with list of registers. See /home/bao/ECE410-HW4AI/project/m3/synth/v2005/kmeans_dist_core_pipelined.v:78
Warning: Replacing memory \ad_kd with list of registers. See /home/bao/ECE410-HW4AI/project/m3/synth/v2005/kmeans_dist_core_pipelined.v:65, /home/bao/ECE410-HW4AI/project/m3/synth/v2005/kmeans_dist_core_pipelined.v:61
Warning: Replacing memory \kdist_c with list of registers. See /home/bao/ECE410-HW4AI/project/m3/synth/v2005/kmeans_dist_core_pipelined.v:64, /home/bao/ECE410-HW4AI/project/m3/synth/v2005/kmeans_dist_core_pipelined.v:58
Warning: Replacing memory \cen_kd with list of registers. See /home/bao/ECE410-HW4AI/project/m3/synth/v2005/kmeans_dist_core_pipelined.v:60, /home/bao/ECE410-HW4AI/project/m3/synth/v2005/kmeans_dist_core_pipelined.v:54
Warning: Replacing memory \pix_d with list of registers. See /home/bao/ECE410-HW4AI/project/m3/synth/v2005/kmeans_dist_core_pipelined.v:60, /home/bao/ECE410-HW4AI/project/m3/synth/v2005/kmeans_dist_core_pipelined.v:51

6.5. Analyzing design hierarchy..
Top module:  \top
Used module:     $paramod$8649f25cd3d7de109d0031f9c169b3c16bec957e\axil_slave_int
Used module:         $paramod$4b7811f44621306de1934956b7faac1b18231a88\kmeans_dist_core_pipelined

6.6. Analyzing design hierarchy..
Top module:  \top
Used module:     $paramod$8649f25cd3d7de109d0031f9c169b3c16bec957e\axil_slave_int
Used module:         $paramod$4b7811f44621306de1934956b7faac1b18231a88\kmeans_dist_core_pipelined
Removing unused module `$abstract\top'.
Removing unused module `$abstract\axil_slave_int'.
Removing unused module `$abstract\kmeans_dist_core_pipelined'.
Removed 3 unused modules.
Renaming module top to top.

7. Generating Graphviz representation of design.
Writing dot description to `/home/bao/ECE410-HW4AI/project/m3/synth/runs/RUN_2026-05-20_22-07-48/06-yosys-synthesis/hierarchy.dot'.
Dumping module top to page 1.

8. Executing TRIBUF pass.

9. Executing HIERARCHY pass (managing design hierarchy).

9.1. Analyzing design hierarchy..
Top module:  \top
Used module:     $paramod$8649f25cd3d7de109d0031f9c169b3c16bec957e\axil_slave_int
Used module:         $paramod$4b7811f44621306de1934956b7faac1b18231a88\kmeans_dist_core_pipelined

9.2. Analyzing design hierarchy..
Top module:  \top
Used module:     $paramod$8649f25cd3d7de109d0031f9c169b3c16bec957e\axil_slave_int
Used module:         $paramod$4b7811f44621306de1934956b7faac1b18231a88\kmeans_dist_core_pipelined
Removed 0 unused modules.

10. Executing PROC_CLEAN pass (remove empty switches from decision trees).
Cleaned up 0 empty switches.

11. Executing PROC_RMDEAD pass (remove dead branches from decision trees).
Removed 1 dead cases from process $proc$/home/bao/ECE410-HW4AI/project/m3/synth/v2005/axil_slave_int.v:236$69 in module $paramod$8649f25cd3d7de109d0031f9c169b3c16bec957e\axil_slave_int.
Marked 3 switch rules as full_case in process $proc$/home/bao/ECE410-HW4AI/project/m3/synth/v2005/axil_slave_int.v:236$69 in module $paramod$8649f25cd3d7de109d0031f9c169b3c16bec957e\axil_slave_int.
Removed 1 dead cases from process $proc$/home/bao/ECE410-HW4AI/project/m3/synth/v2005/axil_slave_int.v:148$61 in module $paramod$8649f25cd3d7de109d0031f9c169b3c16bec957e\axil_slave_int.
Marked 4 switch rules as full_case in process $proc$/home/bao/ECE410-HW4AI/project/m3/synth/v2005/axil_slave_int.v:148$61 in module $paramod$8649f25cd3d7de109d0031f9c169b3c16bec957e\axil_slave_int.
Marked 2 switch rules as full_case in process $proc$/home/bao/ECE410-HW4AI/project/m3/synth/v2005/axil_slave_int.v:100$16 in module $paramod$8649f25cd3d7de109d0031f9c169b3c16bec957e\axil_slave_int.
Marked 2 switch rules as full_case in process $proc$/home/bao/ECE410-HW4AI/project/m3/synth/v2005/axil_slave_int.v:93$14 in module $paramod$8649f25cd3d7de109d0031f9c169b3c16bec957e\axil_slave_int.
Marked 1 switch rules as full_case in process $proc$/home/bao/ECE410-HW4AI/project/m3/synth/v2005/kmeans_dist_core_pipelined.v:159$335 in module $paramod$4b7811f44621306de1934956b7faac1b18231a88\kmeans_dist_core_pipelined.
Marked 3 switch rules as full_case in process $proc$/home/bao/ECE410-HW4AI/project/m3/synth/v2005/kmeans_dist_core_pipelined.v:147$331 in module $paramod$4b7811f44621306de1934956b7faac1b18231a88\kmeans_dist_core_pipelined.
Marked 1 switch rules as full_case in process $proc$/home/bao/ECE410-HW4AI/project/m3/synth/v2005/kmeans_dist_core_pipelined.v:123$329 in module $paramod$4b7811f44621306de1934956b7faac1b18231a88\kmeans_dist_core_pipelined.
Marked 12 switch rules as full_case in process $proc$/home/bao/ECE410-HW4AI/project/m3/synth/v2005/kmeans_dist_core_pipelined.v:95$316 in module $paramod$4b7811f44621306de1934956b7faac1b18231a88\kmeans_dist_core_pipelined.
Marked 1 switch rules as full_case in process $proc$/home/bao/ECE410-HW4AI/project/m3/synth/v2005/kmeans_dist_core_pipelined.v:74$314 in module $paramod$4b7811f44621306de1934956b7faac1b18231a88\kmeans_dist_core_pipelined.
Marked 48 switch rules as full_case in process $proc$/home/bao/ECE410-HW4AI/project/m3/synth/v2005/kmeans_dist_core_pipelined.v:48$73 in module $paramod$4b7811f44621306de1934956b7faac1b18231a88\kmeans_dist_core_pipelined.
Removed a total of 2 dead cases.

12. Executing PROC_PRUNE pass (remove redundant assignments in processes).
Removed 29 redundant assignments.
Promoted 119 assignments to connections.

13. Executing PROC_INIT pass (extract init attributes).

14. Executing PROC_ARST pass (detect async resets in processes).
Found async reset \rst_n in `$paramod$8649f25cd3d7de109d0031f9c169b3c16bec957e\axil_slave_int.$proc$/home/bao/ECE410-HW4AI/project/m3/synth/v2005/axil_slave_int.v:236$69'.
Found async reset \rst_n in `$paramod$8649f25cd3d7de109d0031f9c169b3c16bec957e\axil_slave_int.$proc$/home/bao/ECE410-HW4AI/project/m3/synth/v2005/axil_slave_int.v:148$61'.
Found async reset \rst_n in `$paramod$8649f25cd3d7de109d0031f9c169b3c16bec957e\axil_slave_int.$proc$/home/bao/ECE410-HW4AI/project/m3/synth/v2005/axil_slave_int.v:100$16'.
Found async reset \rst_n in `$paramod$8649f25cd3d7de109d0031f9c169b3c16bec957e\axil_slave_int.$proc$/home/bao/ECE410-HW4AI/project/m3/synth/v2005/axil_slave_int.v:93$14'.

15. Executing PROC_ROM pass (convert switches to ROMs).
Converted 0 switches.
<suppressed ~83 debug messages>

16. Executing PROC_MUX pass (convert decision trees to multiplexers).
Creating decoders for process `$paramod$8649f25cd3d7de109d0031f9c169b3c16bec957e\axil_slave_int.$proc$/home/bao/ECE410-HW4AI/project/m3/synth/v2005/axil_slave_int.v:236$69'.
     1/5: $0\rd_state[0:0]
     2/5: $0\rvalid[0:0]
     3/5: $0\rresp[1:0]
     4/5: $0\rdata[31:0]
     5/5: $0\arready[0:0]
Creating decoders for process `$paramod$8649f25cd3d7de109d0031f9c169b3c16bec957e\axil_slave_int.$proc$/home/bao/ECE410-HW4AI/project/m3/synth/v2005/axil_slave_int.v:148$61'.
     1/59: $1\wi[31:0]
     2/59: $0\reg_centroids[47][7:0]
     3/59: $0\reg_centroids[46][7:0]
     4/59: $0\reg_centroids[45][7:0]
     5/59: $0\reg_centroids[44][7:0]
     6/59: $0\reg_centroids[43][7:0]
     7/59: $0\reg_centroids[42][7:0]
     8/59: $0\reg_centroids[41][7:0]
     9/59: $0\reg_centroids[40][7:0]
    10/59: $0\reg_centroids[39][7:0]
    11/59: $0\reg_centroids[38][7:0]
    12/59: $0\reg_centroids[37][7:0]
    13/59: $0\reg_centroids[36][7:0]
    14/59: $0\reg_centroids[35][7:0]
    15/59: $0\reg_centroids[34][7:0]
    16/59: $0\reg_centroids[33][7:0]
    17/59: $0\reg_centroids[32][7:0]
    18/59: $0\reg_centroids[31][7:0]
    19/59: $0\reg_centroids[30][7:0]
    20/59: $0\reg_centroids[29][7:0]
    21/59: $0\reg_centroids[28][7:0]
    22/59: $0\reg_centroids[27][7:0]
    23/59: $0\reg_centroids[26][7:0]
    24/59: $0\reg_centroids[25][7:0]
    25/59: $0\reg_centroids[24][7:0]
    26/59: $0\reg_centroids[23][7:0]
    27/59: $0\reg_centroids[22][7:0]
    28/59: $0\reg_centroids[21][7:0]
    29/59: $0\reg_centroids[20][7:0]
    30/59: $0\reg_centroids[19][7:0]
    31/59: $0\reg_centroids[18][7:0]
    32/59: $0\reg_centroids[17][7:0]
    33/59: $0\reg_centroids[16][7:0]
    34/59: $0\reg_centroids[15][7:0]
    35/59: $0\reg_centroids[14][7:0]
    36/59: $0\reg_centroids[13][7:0]
    37/59: $0\reg_centroids[12][7:0]
    38/59: $0\reg_centroids[11][7:0]
    39/59: $0\reg_centroids[10][7:0]
    40/59: $0\reg_centroids[9][7:0]
    41/59: $0\reg_centroids[8][7:0]
    42/59: $0\reg_centroids[7][7:0]
    43/59: $0\reg_centroids[6][7:0]
    44/59: $0\reg_centroids[5][7:0]
    45/59: $0\reg_centroids[4][7:0]
    46/59: $0\reg_centroids[3][7:0]
    47/59: $0\reg_centroids[2][7:0]
    48/59: $0\reg_centroids[1][7:0]
    49/59: $0\reg_centroids[0][7:0]
    50/59: $0\reg_pixel[2][7:0]
    51/59: $0\reg_pixel[1][7:0]
    52/59: $0\reg_pixel[0][7:0]
    53/59: $0\wr_data_latch[31:0]
    54/59: $0\wr_addr_latch[11:0]
    55/59: $0\wr_state[1:0]
    56/59: $0\bvalid[0:0]
    57/59: $0\bresp[1:0]
    58/59: $0\wready[0:0]
    59/59: $0\awready[0:0]
Creating decoders for process `$paramod$8649f25cd3d7de109d0031f9c169b3c16bec957e\axil_slave_int.$proc$/home/bao/ECE410-HW4AI/project/m3/synth/v2005/axil_slave_int.v:100$16'.
     1/1: $0\busy[0:0]
Creating decoders for process `$paramod$8649f25cd3d7de109d0031f9c169b3c16bec957e\axil_slave_int.$proc$/home/bao/ECE410-HW4AI/project/m3/synth/v2005/axil_slave_int.v:93$14'.
     1/1: $0\status_done[0:0]
Creating decoders for process `$paramod$4b7811f44621306de1934956b7faac1b18231a88\kmeans_dist_core_pipelined.$proc$/home/bao/ECE410-HW4AI/project/m3/synth/v2005/kmeans_dist_core_pipelined.v:159$335'.
     1/3: $0\label[3:0]
     2/3: $0\min_dist[17:0]
     3/3: $0\done[0:0]
Creating decoders for process `$paramod$4b7811f44621306de1934956b7faac1b18231a88\kmeans_dist_core_pipelined.$proc$/home/bao/ECE410-HW4AI/project/m3/synth/v2005/kmeans_dist_core_pipelined.v:147$331'.
     1/6: $1\s3_l_c[3:0]
     2/6: $1\s3_d_c[17:0]
     3/6: $1\l3_l1[3:0]
     4/6: $1\l3_d1[17:0]
     5/6: $1\l3_l0[3:0]
     6/6: $1\l3_d0[17:0]
Creating decoders for process `$paramod$4b7811f44621306de1934956b7faac1b18231a88\kmeans_dist_core_pipelined.$proc$/home/bao/ECE410-HW4AI/project/m3/synth/v2005/kmeans_dist_core_pipelined.v:123$329'.
     1/10: $2\i2[31:0]
     2/10: $0\s2_l[3][3:0]
     3/10: $0\s2_d[3][17:0]
     4/10: $0\s2_l[2][3:0]
     5/10: $0\s2_d[2][17:0]
     6/10: $0\s2_l[1][3:0]
     7/10: $0\s2_d[1][17:0]
     8/10: $0\s2_l[0][3:0]
     9/10: $0\s2_d[0][17:0]
    10/10: $0\s2_valid[0:0]
Creating decoders for process `$paramod$4b7811f44621306de1934956b7faac1b18231a88\kmeans_dist_core_pipelined.$proc$/home/bao/ECE410-HW4AI/project/m3/synth/v2005/kmeans_dist_core_pipelined.v:95$316'.
     1/24: $1\s2_l_c[3][3:0]
     2/24: $1\s2_d_c[3][17:0]
     3/24: $1\s2_l_c[2][3:0]
     4/24: $1\s2_d_c[2][17:0]
     5/24: $1\s2_l_c[1][3:0]
     6/24: $1\s2_d_c[1][17:0]
     7/24: $1\s2_l_c[0][3:0]
     8/24: $1\s2_d_c[0][17:0]
     9/24: $1\l1_l[7][3:0]
    10/24: $1\l1_d[7][17:0]
    11/24: $1\l1_l[6][3:0]
    12/24: $1\l1_d[6][17:0]
    13/24: $1\l1_l[5][3:0]
    14/24: $1\l1_d[5][17:0]
    15/24: $1\l1_l[4][3:0]
    16/24: $1\l1_d[4][17:0]
    17/24: $1\l1_l[3][3:0]
    18/24: $1\l1_d[3][17:0]
    19/24: $1\l1_l[2][3:0]
    20/24: $1\l1_d[2][17:0]
    21/24: $1\l1_l[1][3:0]
    22/24: $1\l1_d[1][17:0]
    23/24: $1\l1_l[0][3:0]
    24/24: $1\l1_d[0][17:0]
Creating decoders for process `$paramod$4b7811f44621306de1934956b7faac1b18231a88\kmeans_dist_core_pipelined.$proc$/home/bao/ECE410-HW4AI/project/m3/synth/v2005/kmeans_dist_core_pipelined.v:74$314'.
     1/18: $2\ki[31:0]
     2/18: $0\s1_kdist[15][17:0]
     3/18: $0\s1_kdist[14][17:0]
     4/18: $0\s1_kdist[13][17:0]
     5/18: $0\s1_kdist[12][17:0]
     6/18: $0\s1_kdist[11][17:0]
     7/18: $0\s1_kdist[10][17:0]
     8/18: $0\s1_kdist[9][17:0]
     9/18: $0\s1_kdist[8][17:0]
    10/18: $0\s1_kdist[7][17:0]
    11/18: $0\s1_kdist[6][17:0]
    12/18: $0\s1_kdist[5][17:0]
    13/18: $0\s1_kdist[4][17:0]
    14/18: $0\s1_kdist[3][17:0]
    15/18: $0\s1_kdist[2][17:0]
    16/18: $0\s1_kdist[1][17:0]
    17/18: $0\s1_kdist[0][17:0]
    18/18: $0\s1_valid[0:0]
Creating decoders for process `$paramod$4b7811f44621306de1934956b7faac1b18231a88\kmeans_dist_core_pipelined.$proc$/home/bao/ECE410-HW4AI/project/m3/synth/v2005/kmeans_dist_core_pipelined.v:48$73'.
     1/48: $3\ad_kd[15][7:0]
     2/48: $2\ad_kd[15][7:0]
     3/48: $1\ad_kd[15][7:0]
     4/48: $3\ad_kd[14][7:0]
     5/48: $2\ad_kd[14][7:0]
     6/48: $1\ad_kd[14][7:0]
     7/48: $3\ad_kd[13][7:0]
     8/48: $2\ad_kd[13][7:0]
     9/48: $1\ad_kd[13][7:0]
    10/48: $3\ad_kd[12][7:0]
    11/48: $2\ad_kd[12][7:0]
    12/48: $1\ad_kd[12][7:0]
    13/48: $3\ad_kd[11][7:0]
    14/48: $2\ad_kd[11][7:0]
    15/48: $1\ad_kd[11][7:0]
    16/48: $3\ad_kd[10][7:0]
    17/48: $2\ad_kd[10][7:0]
    18/48: $1\ad_kd[10][7:0]
    19/48: $3\ad_kd[9][7:0]
    20/48: $2\ad_kd[9][7:0]
    21/48: $1\ad_kd[9][7:0]
    22/48: $3\ad_kd[8][7:0]
    23/48: $2\ad_kd[8][7:0]
    24/48: $1\ad_kd[8][7:0]
    25/48: $3\ad_kd[7][7:0]
    26/48: $2\ad_kd[7][7:0]
    27/48: $1\ad_kd[7][7:0]
    28/48: $3\ad_kd[6][7:0]
    29/48: $2\ad_kd[6][7:0]
    30/48: $1\ad_kd[6][7:0]
    31/48: $3\ad_kd[5][7:0]
    32/48: $2\ad_kd[5][7:0]
    33/48: $1\ad_kd[5][7:0]
    34/48: $3\ad_kd[4][7:0]
    35/48: $2\ad_kd[4][7:0]
    36/48: $1\ad_kd[4][7:0]
    37/48: $3\ad_kd[3][7:0]
    38/48: $2\ad_kd[3][7:0]
    39/48: $1\ad_kd[3][7:0]
    40/48: $3\ad_kd[2][7:0]
    41/48: $2\ad_kd[2][7:0]
    42/48: $1\ad_kd[2][7:0]
    43/48: $3\ad_kd[1][7:0]
    44/48: $2\ad_kd[1][7:0]
    45/48: $1\ad_kd[1][7:0]
    46/48: $3\ad_kd[0][7:0]
    47/48: $2\ad_kd[0][7:0]
    48/48: $1\ad_kd[0][7:0]

17. Executing PROC_DLATCH pass (convert process syncs to latches).
No latch inferred for signal `$paramod$4b7811f44621306de1934956b7faac1b18231a88\kmeans_dist_core_pipelined.\l3_d0' from process `$paramod$4b7811f44621306de1934956b7faac1b18231a88\kmeans_dist_core_pipelined.$proc$/home/bao/ECE410-HW4AI/project/m3/synth/v2005/kmeans_dist_core_pipelined.v:147$331'.
No latch inferred for signal `$paramod$4b7811f44621306de1934956b7faac1b18231a88\kmeans_dist_core_pipelined.\l3_d1' from process `$paramod$4b7811f44621306de1934956b7faac1b18231a88\kmeans_dist_core_pipelined.$proc$/home/bao/ECE410-HW4AI/project/m3/synth/v2005/kmeans_dist_core_pipelined.v:147$331'.
No latch inferred for signal `$paramod$4b7811f44621306de1934956b7faac1b18231a88\kmeans_dist_core_pipelined.\l3_l0' from process `$paramod$4b7811f44621306de1934956b7faac1b18231a88\kmeans_dist_core_pipelined.$proc$/home/bao/ECE410-HW4AI/project/m3/synth/v2005/kmeans_dist_core_pipelined.v:147$331'.
No latch inferred for signal `$paramod$4b7811f44621306de1934956b7faac1b18231a88\kmeans_dist_core_pipelined.\l3_l1' from process `$paramod$4b7811f44621306de1934956b7faac1b18231a88\kmeans_dist_core_pipelined.$proc$/home/bao/ECE410-HW4AI/project/m3/synth/v2005/kmeans_dist_core_pipelined.v:147$331'.
No latch inferred for signal `$paramod$4b7811f44621306de1934956b7faac1b18231a88\kmeans_dist_core_pipelined.\s3_d_c' from process `$paramod$4b7811f44621306de1934956b7faac1b18231a88\kmeans_dist_core_pipelined.$proc$/home/bao/ECE410-HW4AI/project/m3/synth/v2005/kmeans_dist_core_pipelined.v:147$331'.
No latch inferred for signal `$paramod$4b7811f44621306de1934956b7faac1b18231a88\kmeans_dist_core_pipelined.\s3_l_c' from process `$paramod$4b7811f44621306de1934956b7faac1b18231a88\kmeans_dist_core_pipelined.$proc$/home/bao/ECE410-HW4AI/project/m3/synth/v2005/kmeans_dist_core_pipelined.v:147$331'.
No latch inferred for signal `$paramod$4b7811f44621306de1934956b7faac1b18231a88\kmeans_dist_core_pipelined.\i2' from process `$paramod$4b7811f44621306de1934956b7faac1b18231a88\kmeans_dist_core_pipelined.$proc$/home/bao/ECE410-HW4AI/project/m3/synth/v2005/kmeans_dist_core_pipelined.v:95$316'.
No latch inferred for signal `$paramod$4b7811f44621306de1934956b7faac1b18231a88\kmeans_dist_core_pipelined.\l1_d[0]' from process `$paramod$4b7811f44621306de1934956b7faac1b18231a88\kmeans_dist_core_pipelined.$proc$/home/bao/ECE410-HW4AI/project/m3/synth/v2005/kmeans_dist_core_pipelined.v:95$316'.
No latch inferred for signal `$paramod$4b7811f44621306de1934956b7faac1b18231a88\kmeans_dist_core_pipelined.\l1_d[1]' from process `$paramod$4b7811f44621306de1934956b7faac1b18231a88\kmeans_dist_core_pipelined.$proc$/home/bao/ECE410-HW4AI/project/m3/synth/v2005/kmeans_dist_core_pipelined.v:95$316'.
No latch inferred for signal `$paramod$4b7811f44621306de1934956b7faac1b18231a88\kmeans_dist_core_pipelined.\l1_d[2]' from process `$paramod$4b7811f44621306de1934956b7faac1b18231a88\kmeans_dist_core_pipelined.$proc$/home/bao/ECE410-HW4AI/project/m3/synth/v2005/kmeans_dist_core_pipelined.v:95$316'.
No latch inferred for signal `$paramod$4b7811f44621306de1934956b7faac1b18231a88\kmeans_dist_core_pipelined.\l1_d[3]' from process `$paramod$4b7811f44621306de1934956b7faac1b18231a88\kmeans_dist_core_pipelined.$proc$/home/bao/ECE410-HW4AI/project/m3/synth/v2005/kmeans_dist_core_pipelined.v:95$316'.
No latch inferred for signal `$paramod$4b7811f44621306de1934956b7faac1b18231a88\kmeans_dist_core_pipelined.\l1_d[4]' from process `$paramod$4b7811f44621306de1934956b7faac1b18231a88\kmeans_dist_core_pipelined.$proc$/home/bao/ECE410-HW4AI/project/m3/synth/v2005/kmeans_dist_core_pipelined.v:95$316'.
No latch inferred for signal `$paramod$4b7811f44621306de1934956b7faac1b18231a88\kmeans_dist_core_pipelined.\l1_d[5]' from process `$paramod$4b7811f44621306de1934956b7faac1b18231a88\kmeans_dist_core_pipelined.$proc$/home/bao/ECE410-HW4AI/project/m3/synth/v2005/kmeans_dist_core_pipelined.v:95$316'.
No latch inferred for signal `$paramod$4b7811f44621306de1934956b7faac1b18231a88\kmeans_dist_core_pipelined.\l1_d[6]' from process `$paramod$4b7811f44621306de1934956b7faac1b18231a88\kmeans_dist_core_pipelined.$proc$/home/bao/ECE410-HW4AI/project/m3/synth/v2005/kmeans_dist_core_pipelined.v:95$316'.
No latch inferred for signal `$paramod$4b7811f44621306de1934956b7faac1b18231a88\kmeans_dist_core_pipelined.\l1_d[7]' from process `$paramod$4b7811f44621306de1934956b7faac1b18231a88\kmeans_dist_core_pipelined.$proc$/home/bao/ECE410-HW4AI/project/m3/synth/v2005/kmeans_dist_core_pipelined.v:95$316'.
No latch inferred for signal `$paramod$4b7811f44621306de1934956b7faac1b18231a88\kmeans_dist_core_pipelined.\l1_l[0]' from process `$paramod$4b7811f44621306de1934956b7faac1b18231a88\kmeans_dist_core_pipelined.$proc$/home/bao/ECE410-HW4AI/project/m3/synth/v2005/kmeans_dist_core_pipelined.v:95$316'.
No latch inferred for signal `$paramod$4b7811f44621306de1934956b7faac1b18231a88\kmeans_dist_core_pipelined.\l1_l[1]' from process `$paramod$4b7811f44621306de1934956b7faac1b18231a88\kmeans_dist_core_pipelined.$proc$/home/bao/ECE410-HW4AI/project/m3/synth/v2005/kmeans_dist_core_pipelined.v:95$316'.
No latch inferred for signal `$paramod$4b7811f44621306de1934956b7faac1b18231a88\kmeans_dist_core_pipelined.\l1_l[2]' from process `$paramod$4b7811f44621306de1934956b7faac1b18231a88\kmeans_dist_core_pipelined.$proc$/home/bao/ECE410-HW4AI/project/m3/synth/v2005/kmeans_dist_core_pipelined.v:95$316'.
No latch inferred for signal `$paramod$4b7811f44621306de1934956b7faac1b18231a88\kmeans_dist_core_pipelined.\l1_l[3]' from process `$paramod$4b7811f44621306de1934956b7faac1b18231a88\kmeans_dist_core_pipelined.$proc$/home/bao/ECE410-HW4AI/project/m3/synth/v2005/kmeans_dist_core_pipelined.v:95$316'.
No latch inferred for signal `$paramod$4b7811f44621306de1934956b7faac1b18231a88\kmeans_dist_core_pipelined.\l1_l[4]' from process `$paramod$4b7811f44621306de1934956b7faac1b18231a88\kmeans_dist_core_pipelined.$proc$/home/bao/ECE410-HW4AI/project/m3/synth/v2005/kmeans_dist_core_pipelined.v:95$316'.
No latch inferred for signal `$paramod$4b7811f44621306de1934956b7faac1b18231a88\kmeans_dist_core_pipelined.\l1_l[5]' from process `$paramod$4b7811f44621306de1934956b7faac1b18231a88\kmeans_dist_core_pipelined.$proc$/home/bao/ECE410-HW4AI/project/m3/synth/v2005/kmeans_dist_core_pipelined.v:95$316'.
No latch inferred for signal `$paramod$4b7811f44621306de1934956b7faac1b18231a88\kmeans_dist_core_pipelined.\l1_l[6]' from process `$paramod$4b7811f44621306de1934956b7faac1b18231a88\kmeans_dist_core_pipelined.$proc$/home/bao/ECE410-HW4AI/project/m3/synth/v2005/kmeans_dist_core_pipelined.v:95$316'.
No latch inferred for signal `$paramod$4b7811f44621306de1934956b7faac1b18231a88\kmeans_dist_core_pipelined.\l1_l[7]' from process `$paramod$4b7811f44621306de1934956b7faac1b18231a88\kmeans_dist_core_pipelined.$proc$/home/bao/ECE410-HW4AI/project/m3/synth/v2005/kmeans_dist_core_pipelined.v:95$316'.
No latch inferred for signal `$paramod$4b7811f44621306de1934956b7faac1b18231a88\kmeans_dist_core_pipelined.\s2_d_c[0]' from process `$paramod$4b7811f44621306de1934956b7faac1b18231a88\kmeans_dist_core_pipelined.$proc$/home/bao/ECE410-HW4AI/project/m3/synth/v2005/kmeans_dist_core_pipelined.v:95$316'.
No latch inferred for signal `$paramod$4b7811f44621306de1934956b7faac1b18231a88\kmeans_dist_core_pipelined.\s2_d_c[1]' from process `$paramod$4b7811f44621306de1934956b7faac1b18231a88\kmeans_dist_core_pipelined.$proc$/home/bao/ECE410-HW4AI/project/m3/synth/v2005/kmeans_dist_core_pipelined.v:95$316'.
No latch inferred for signal `$paramod$4b7811f44621306de1934956b7faac1b18231a88\kmeans_dist_core_pipelined.\s2_d_c[2]' from process `$paramod$4b7811f44621306de1934956b7faac1b18231a88\kmeans_dist_core_pipelined.$proc$/home/bao/ECE410-HW4AI/project/m3/synth/v2005/kmeans_dist_core_pipelined.v:95$316'.
No latch inferred for signal `$paramod$4b7811f44621306de1934956b7faac1b18231a88\kmeans_dist_core_pipelined.\s2_d_c[3]' from process `$paramod$4b7811f44621306de1934956b7faac1b18231a88\kmeans_dist_core_pipelined.$proc$/home/bao/ECE410-HW4AI/project/m3/synth/v2005/kmeans_dist_core_pipelined.v:95$316'.
No latch inferred for signal `$paramod$4b7811f44621306de1934956b7faac1b18231a88\kmeans_dist_core_pipelined.\s2_l_c[0]' from process `$paramod$4b7811f44621306de1934956b7faac1b18231a88\kmeans_dist_core_pipelined.$proc$/home/bao/ECE410-HW4AI/project/m3/synth/v2005/kmeans_dist_core_pipelined.v:95$316'.
No latch inferred for signal `$paramod$4b7811f44621306de1934956b7faac1b18231a88\kmeans_dist_core_pipelined.\s2_l_c[1]' from process `$paramod$4b7811f44621306de1934956b7faac1b18231a88\kmeans_dist_core_pipelined.$proc$/home/bao/ECE410-HW4AI/project/m3/synth/v2005/kmeans_dist_core_pipelined.v:95$316'.
No latch inferred for signal `$paramod$4b7811f44621306de1934956b7faac1b18231a88\kmeans_dist_core_pipelined.\s2_l_c[2]' from process `$paramod$4b7811f44621306de1934956b7faac1b18231a88\kmeans_dist_core_pipelined.$proc$/home/bao/ECE410-HW4AI/project/m3/synth/v2005/kmeans_dist_core_pipelined.v:95$316'.
No latch inferred for signal `$paramod$4b7811f44621306de1934956b7faac1b18231a88\kmeans_dist_core_pipelined.\s2_l_c[3]' from process `$paramod$4b7811f44621306de1934956b7faac1b18231a88\kmeans_dist_core_pipelined.$proc$/home/bao/ECE410-HW4AI/project/m3/synth/v2005/kmeans_dist_core_pipelined.v:95$316'.
No latch inferred for signal `$paramod$4b7811f44621306de1934956b7faac1b18231a88\kmeans_dist_core_pipelined.\ki' from process `$paramod$4b7811f44621306de1934956b7faac1b18231a88\kmeans_dist_core_pipelined.$proc$/home/bao/ECE410-HW4AI/project/m3/synth/v2005/kmeans_dist_core_pipelined.v:48$73'.
No latch inferred for signal `$paramod$4b7811f44621306de1934956b7faac1b18231a88\kmeans_dist_core_pipelined.\di' from process `$paramod$4b7811f44621306de1934956b7faac1b18231a88\kmeans_dist_core_pipelined.$proc$/home/bao/ECE410-HW4AI/project/m3/synth/v2005/kmeans_dist_core_pipelined.v:48$73'.
No latch inferred for signal `$paramod$4b7811f44621306de1934956b7faac1b18231a88\kmeans_dist_core_pipelined.\pix_d[0]' from process `$paramod$4b7811f44621306de1934956b7faac1b18231a88\kmeans_dist_core_pipelined.$proc$/home/bao/ECE410-HW4AI/project/m3/synth/v2005/kmeans_dist_core_pipelined.v:48$73'.
No latch inferred for signal `$paramod$4b7811f44621306de1934956b7faac1b18231a88\kmeans_dist_core_pipelined.\pix_d[1]' from process `$paramod$4b7811f44621306de1934956b7faac1b18231a88\kmeans_dist_core_pipelined.$proc$/home/bao/ECE410-HW4AI/project/m3/synth/v2005/kmeans_dist_core_pipelined.v:48$73'.
No latch inferred for signal `$paramod$4b7811f44621306de1934956b7faac1b18231a88\kmeans_dist_core_pipelined.\pix_d[2]' from process `$paramod$4b7811f44621306de1934956b7faac1b18231a88\kmeans_dist_core_pipelined.$proc$/home/bao/ECE410-HW4AI/project/m3/synth/v2005/kmeans_dist_core_pipelined.v:48$73'.
No latch inferred for signal `$paramod$4b7811f44621306de1934956b7faac1b18231a88\kmeans_dist_core_pipelined.\cen_kd[0]' from process `$paramod$4b7811f44621306de1934956b7faac1b18231a88\kmeans_dist_core_pipelined.$proc$/home/bao/ECE410-HW4AI/project/m3/synth/v2005/kmeans_dist_core_pipelined.v:48$73'.
No latch inferred for signal `$paramod$4b7811f44621306de1934956b7faac1b18231a88\kmeans_dist_core_pipelined.\cen_kd[1]' from process `$paramod$4b7811f44621306de1934956b7faac1b18231a88\kmeans_dist_core_pipelined.$proc$/home/bao/ECE410-HW4AI/project/m3/synth/v2005/kmeans_dist_core_pipelined.v:48$73'.
No latch inferred for signal `$paramod$4b7811f44621306de1934956b7faac1b18231a88\kmeans_dist_core_pipelined.\cen_kd[2]' from process `$paramod$4b7811f44621306de1934956b7faac1b18231a88\kmeans_dist_core_pipelined.$proc$/home/bao/ECE410-HW4AI/project/m3/synth/v2005/kmeans_dist_core_pipelined.v:48$73'.
No latch inferred for signal `$paramod$4b7811f44621306de1934956b7faac1b18231a88\kmeans_dist_core_pipelined.\cen_kd[3]' from process `$paramod$4b7811f44621306de1934956b7faac1b18231a88\kmeans_dist_core_pipelined.$proc$/home/bao/ECE410-HW4AI/project/m3/synth/v2005/kmeans_dist_core_pipelined.v:48$73'.
No latch inferred for signal `$paramod$4b7811f44621306de1934956b7faac1b18231a88\kmeans_dist_core_pipelined.\cen_kd[4]' from process `$paramod$4b7811f44621306de1934956b7faac1b18231a88\kmeans_dist_core_pipelined.$proc$/home/bao/ECE410-HW4AI/project/m3/synth/v2005/kmeans_dist_core_pipelined.v:48$73'.
No latch inferred for signal `$paramod$4b7811f44621306de1934956b7faac1b18231a88\kmeans_dist_core_pipelined.\cen_kd[5]' from process `$paramod$4b7811f44621306de1934956b7faac1b18231a88\kmeans_dist_core_pipelined.$proc$/home/bao/ECE410-HW4AI/project/m3/synth/v2005/kmeans_dist_core_pipelined.v:48$73'.
No latch inferred for signal `$paramod$4b7811f44621306de1934956b7faac1b18231a88\kmeans_dist_core_pipelined.\cen_kd[6]' from process `$paramod$4b7811f44621306de1934956b7faac1b18231a88\kmeans_dist_core_pipelined.$proc$/home/bao/ECE410-HW4AI/project/m3/synth/v2005/kmeans_dist_core_pipelined.v:48$73'.
No latch inferred for signal `$paramod$4b7811f44621306de1934956b7faac1b18231a88\kmeans_dist_core_pipelined.\cen_kd[7]' from process `$paramod$4b7811f44621306de1934956b7faac1b18231a88\kmeans_dist_core_pipelined.$proc$/home/bao/ECE410-HW4AI/project/m3/synth/v2005/kmeans_dist_core_pipelined.v:48$73'.
No latch inferred for signal `$paramod$4b7811f44621306de1934956b7faac1b18231a88\kmeans_dist_core_pipelined.\cen_kd[8]' from process `$paramod$4b7811f44621306de1934956b7faac1b18231a88\kmeans_dist_core_pipelined.$proc$/home/bao/ECE410-HW4AI/project/m3/synth/v2005/kmeans_dist_core_pipelined.v:48$73'.
No latch inferred for signal `$paramod$4b7811f44621306de1934956b7faac1b18231a88\kmeans_dist_core_pipelined.\cen_kd[9]' from process `$paramod$4b7811f44621306de1934956b7faac1b18231a88\kmeans_dist_core_pipelined.$proc$/home/bao/ECE410-HW4AI/project/m3/synth/v2005/kmeans_dist_core_pipelined.v:48$73'.
No latch inferred for signal `$paramod$4b7811f44621306de1934956b7faac1b18231a88\kmeans_dist_core_pipelined.\cen_kd[10]' from process `$paramod$4b7811f44621306de1934956b7faac1b18231a88\kmeans_dist_core_pipelined.$proc$/home/bao/ECE410-HW4AI/project/m3/synth/v2005/kmeans_dist_core_pipelined.v:48$73'.
No latch inferred for signal `$paramod$4b7811f44621306de1934956b7faac1b18231a88\kmeans_dist_core_pipelined.\cen_kd[11]' from process `$paramod$4b7811f44621306de1934956b7faac1b18231a88\kmeans_dist_core_pipelined.$proc$/home/bao/ECE410-HW4AI/project/m3/synth/v2005/kmeans_dist_core_pipelined.v:48$73'.
No latch inferred for signal `$paramod$4b7811f44621306de1934956b7faac1b18231a88\kmeans_dist_core_pipelined.\cen_kd[12]' from process `$paramod$4b7811f44621306de1934956b7faac1b18231a88\kmeans_dist_core_pipelined.$proc$/home/bao/ECE410-HW4AI/project/m3/synth/v2005/kmeans_dist_core_pipelined.v:48$73'.
No latch inferred for signal `$paramod$4b7811f44621306de1934956b7faac1b18231a88\kmeans_dist_core_pipelined.\cen_kd[13]' from process `$paramod$4b7811f44621306de1934956b7faac1b18231a88\kmeans_dist_core_pipelined.$proc$/home/bao/ECE410-HW4AI/project/m3/synth/v2005/kmeans_dist_core_pipelined.v:48$73'.
No latch inferred for signal `$paramod$4b7811f44621306de1934956b7faac1b18231a88\kmeans_dist_core_pipelined.\cen_kd[14]' from process `$paramod$4b7811f44621306de1934956b7faac1b18231a88\kmeans_dist_core_pipelined.$proc$/home/bao/ECE410-HW4AI/project/m3/synth/v2005/kmeans_dist_core_pipelined.v:48$73'.
No latch inferred for signal `$paramod$4b7811f44621306de1934956b7faac1b18231a88\kmeans_dist_core_pipelined.\cen_kd[15]' from process `$paramod$4b7811f44621306de1934956b7faac1b18231a88\kmeans_dist_core_pipelined.$proc$/home/bao/ECE410-HW4AI/project/m3/synth/v2005/kmeans_dist_core_pipelined.v:48$73'.
No latch inferred for signal `$paramod$4b7811f44621306de1934956b7faac1b18231a88\kmeans_dist_core_pipelined.\cen_kd[16]' from process `$paramod$4b7811f44621306de1934956b7faac1b18231a88\kmeans_dist_core_pipelined.$proc$/home/bao/ECE410-HW4AI/project/m3/synth/v2005/kmeans_dist_core_pipelined.v:48$73'.
No latch inferred for signal `$paramod$4b7811f44621306de1934956b7faac1b18231a88\kmeans_dist_core_pipelined.\cen_kd[17]' from process `$paramod$4b7811f44621306de1934956b7faac1b18231a88\kmeans_dist_core_pipelined.$proc$/home/bao/ECE410-HW4AI/project/m3/synth/v2005/kmeans_dist_core_pipelined.v:48$73'.
No latch inferred for signal `$paramod$4b7811f44621306de1934956b7faac1b18231a88\kmeans_dist_core_pipelined.\cen_kd[18]' from process `$paramod$4b7811f44621306de1934956b7faac1b18231a88\kmeans_dist_core_pipelined.$proc$/home/bao/ECE410-HW4AI/project/m3/synth/v2005/kmeans_dist_core_pipelined.v:48$73'.
No latch inferred for signal `$paramod$4b7811f44621306de1934956b7faac1b18231a88\kmeans_dist_core_pipelined.\cen_kd[19]' from process `$paramod$4b7811f44621306de1934956b7faac1b18231a88\kmeans_dist_core_pipelined.$proc$/home/bao/ECE410-HW4AI/project/m3/synth/v2005/kmeans_dist_core_pipelined.v:48$73'.
No latch inferred for signal `$paramod$4b7811f44621306de1934956b7faac1b18231a88\kmeans_dist_core_pipelined.\cen_kd[20]' from process `$paramod$4b7811f44621306de1934956b7faac1b18231a88\kmeans_dist_core_pipelined.$proc$/home/bao/ECE410-HW4AI/project/m3/synth/v2005/kmeans_dist_core_pipelined.v:48$73'.
No latch inferred for signal `$paramod$4b7811f44621306de1934956b7faac1b18231a88\kmeans_dist_core_pipelined.\cen_kd[21]' from process `$paramod$4b7811f44621306de1934956b7faac1b18231a88\kmeans_dist_core_pipelined.$proc$/home/bao/ECE410-HW4AI/project/m3/synth/v2005/kmeans_dist_core_pipelined.v:48$73'.
No latch inferred for signal `$paramod$4b7811f44621306de1934956b7faac1b18231a88\kmeans_dist_core_pipelined.\cen_kd[22]' from process `$paramod$4b7811f44621306de1934956b7faac1b18231a88\kmeans_dist_core_pipelined.$proc$/home/bao/ECE410-HW4AI/project/m3/synth/v2005/kmeans_dist_core_pipelined.v:48$73'.
No latch inferred for signal `$paramod$4b7811f44621306de1934956b7faac1b18231a88\kmeans_dist_core_pipelined.\cen_kd[23]' from process `$paramod$4b7811f44621306de1934956b7faac1b18231a88\kmeans_dist_core_pipelined.$proc$/home/bao/ECE410-HW4AI/project/m3/synth/v2005/kmeans_dist_core_pipelined.v:48$73'.
No latch inferred for signal `$paramod$4b7811f44621306de1934956b7faac1b18231a88\kmeans_dist_core_pipelined.\cen_kd[24]' from process `$paramod$4b7811f44621306de1934956b7faac1b18231a88\kmeans_dist_core_pipelined.$proc$/home/bao/ECE410-HW4AI/project/m3/synth/v2005/kmeans_dist_core_pipelined.v:48$73'.
No latch inferred for signal `$paramod$4b7811f44621306de1934956b7faac1b18231a88\kmeans_dist_core_pipelined.\cen_kd[25]' from process `$paramod$4b7811f44621306de1934956b7faac1b18231a88\kmeans_dist_core_pipelined.$proc$/home/bao/ECE410-HW4AI/project/m3/synth/v2005/kmeans_dist_core_pipelined.v:48$73'.
No latch inferred for signal `$paramod$4b7811f44621306de1934956b7faac1b18231a88\kmeans_dist_core_pipelined.\cen_kd[26]' from process `$paramod$4b7811f44621306de1934956b7faac1b18231a88\kmeans_dist_core_pipelined.$proc$/home/bao/ECE410-HW4AI/project/m3/synth/v2005/kmeans_dist_core_pipelined.v:48$73'.
No latch inferred for signal `$paramod$4b7811f44621306de1934956b7faac1b18231a88\kmeans_dist_core_pipelined.\cen_kd[27]' from process `$paramod$4b7811f44621306de1934956b7faac1b18231a88\kmeans_dist_core_pipelined.$proc$/home/bao/ECE410-HW4AI/project/m3/synth/v2005/kmeans_dist_core_pipelined.v:48$73'.
No latch inferred for signal `$paramod$4b7811f44621306de1934956b7faac1b18231a88\kmeans_dist_core_pipelined.\cen_kd[28]' from process `$paramod$4b7811f44621306de1934956b7faac1b18231a88\kmeans_dist_core_pipelined.$proc$/home/bao/ECE410-HW4AI/project/m3/synth/v2005/kmeans_dist_core_pipelined.v:48$73'.
No latch inferred for signal `$paramod$4b7811f44621306de1934956b7faac1b18231a88\kmeans_dist_core_pipelined.\cen_kd[29]' from process `$paramod$4b7811f44621306de1934956b7faac1b18231a88\kmeans_dist_core_pipelined.$proc$/home/bao/ECE410-HW4AI/project/m3/synth/v2005/kmeans_dist_core_pipelined.v:48$73'.
No latch inferred for signal `$paramod$4b7811f44621306de1934956b7faac1b18231a88\kmeans_dist_core_pipelined.\cen_kd[30]' from process `$paramod$4b7811f44621306de1934956b7faac1b18231a88\kmeans_dist_core_pipelined.$proc$/home/bao/ECE410-HW4AI/project/m3/synth/v2005/kmeans_dist_core_pipelined.v:48$73'.
No latch inferred for signal `$paramod$4b7811f44621306de1934956b7faac1b18231a88\kmeans_dist_core_pipelined.\cen_kd[31]' from process `$paramod$4b7811f44621306de1934956b7faac1b18231a88\kmeans_dist_core_pipelined.$proc$/home/bao/ECE410-HW4AI/project/m3/synth/v2005/kmeans_dist_core_pipelined.v:48$73'.
No latch inferred for signal `$paramod$4b7811f44621306de1934956b7faac1b18231a88\kmeans_dist_core_pipelined.\cen_kd[32]' from process `$paramod$4b7811f44621306de1934956b7faac1b18231a88\kmeans_dist_core_pipelined.$proc$/home/bao/ECE410-HW4AI/project/m3/synth/v2005/kmeans_dist_core_pipelined.v:48$73'.
No latch inferred for signal `$paramod$4b7811f44621306de1934956b7faac1b18231a88\kmeans_dist_core_pipelined.\cen_kd[33]' from process `$paramod$4b7811f44621306de1934956b7faac1b18231a88\kmeans_dist_core_pipelined.$proc$/home/bao/ECE410-HW4AI/project/m3/synth/v2005/kmeans_dist_core_pipelined.v:48$73'.
No latch inferred for signal `$paramod$4b7811f44621306de1934956b7faac1b18231a88\kmeans_dist_core_pipelined.\cen_kd[34]' from process `$paramod$4b7811f44621306de1934956b7faac1b18231a88\kmeans_dist_core_pipelined.$proc$/home/bao/ECE410-HW4AI/project/m3/synth/v2005/kmeans_dist_core_pipelined.v:48$73'.
No latch inferred for signal `$paramod$4b7811f44621306de1934956b7faac1b18231a88\kmeans_dist_core_pipelined.\cen_kd[35]' from process `$paramod$4b7811f44621306de1934956b7faac1b18231a88\kmeans_dist_core_pipelined.$proc$/home/bao/ECE410-HW4AI/project/m3/synth/v2005/kmeans_dist_core_pipelined.v:48$73'.
No latch inferred for signal `$paramod$4b7811f44621306de1934956b7faac1b18231a88\kmeans_dist_core_pipelined.\cen_kd[36]' from process `$paramod$4b7811f44621306de1934956b7faac1b18231a88\kmeans_dist_core_pipelined.$proc$/home/bao/ECE410-HW4AI/project/m3/synth/v2005/kmeans_dist_core_pipelined.v:48$73'.
No latch inferred for signal `$paramod$4b7811f44621306de1934956b7faac1b18231a88\kmeans_dist_core_pipelined.\cen_kd[37]' from process `$paramod$4b7811f44621306de1934956b7faac1b18231a88\kmeans_dist_core_pipelined.$proc$/home/bao/ECE410-HW4AI/project/m3/synth/v2005/kmeans_dist_core_pipelined.v:48$73'.
No latch inferred for signal `$paramod$4b7811f44621306de1934956b7faac1b18231a88\kmeans_dist_core_pipelined.\cen_kd[38]' from process `$paramod$4b7811f44621306de1934956b7faac1b18231a88\kmeans_dist_core_pipelined.$proc$/home/bao/ECE410-HW4AI/project/m3/synth/v2005/kmeans_dist_core_pipelined.v:48$73'.
No latch inferred for signal `$paramod$4b7811f44621306de1934956b7faac1b18231a88\kmeans_dist_core_pipelined.\cen_kd[39]' from process `$paramod$4b7811f44621306de1934956b7faac1b18231a88\kmeans_dist_core_pipelined.$proc$/home/bao/ECE410-HW4AI/project/m3/synth/v2005/kmeans_dist_core_pipelined.v:48$73'.
No latch inferred for signal `$paramod$4b7811f44621306de1934956b7faac1b18231a88\kmeans_dist_core_pipelined.\cen_kd[40]' from process `$paramod$4b7811f44621306de1934956b7faac1b18231a88\kmeans_dist_core_pipelined.$proc$/home/bao/ECE410-HW4AI/project/m3/synth/v2005/kmeans_dist_core_pipelined.v:48$73'.
No latch inferred for signal `$paramod$4b7811f44621306de1934956b7faac1b18231a88\kmeans_dist_core_pipelined.\cen_kd[41]' from process `$paramod$4b7811f44621306de1934956b7faac1b18231a88\kmeans_dist_core_pipelined.$proc$/home/bao/ECE410-HW4AI/project/m3/synth/v2005/kmeans_dist_core_pipelined.v:48$73'.
No latch inferred for signal `$paramod$4b7811f44621306de1934956b7faac1b18231a88\kmeans_dist_core_pipelined.\cen_kd[42]' from process `$paramod$4b7811f44621306de1934956b7faac1b18231a88\kmeans_dist_core_pipelined.$proc$/home/bao/ECE410-HW4AI/project/m3/synth/v2005/kmeans_dist_core_pipelined.v:48$73'.
No latch inferred for signal `$paramod$4b7811f44621306de1934956b7faac1b18231a88\kmeans_dist_core_pipelined.\cen_kd[43]' from process `$paramod$4b7811f44621306de1934956b7faac1b18231a88\kmeans_dist_core_pipelined.$proc$/home/bao/ECE410-HW4AI/project/m3/synth/v2005/kmeans_dist_core_pipelined.v:48$73'.
No latch inferred for signal `$paramod$4b7811f44621306de1934956b7faac1b18231a88\kmeans_dist_core_pipelined.\cen_kd[44]' from process `$paramod$4b7811f44621306de1934956b7faac1b18231a88\kmeans_dist_core_pipelined.$proc$/home/bao/ECE410-HW4AI/project/m3/synth/v2005/kmeans_dist_core_pipelined.v:48$73'.
No latch inferred for signal `$paramod$4b7811f44621306de1934956b7faac1b18231a88\kmeans_dist_core_pipelined.\cen_kd[45]' from process `$paramod$4b7811f44621306de1934956b7faac1b18231a88\kmeans_dist_core_pipelined.$proc$/home/bao/ECE410-HW4AI/project/m3/synth/v2005/kmeans_dist_core_pipelined.v:48$73'.
No latch inferred for signal `$paramod$4b7811f44621306de1934956b7faac1b18231a88\kmeans_dist_core_pipelined.\cen_kd[46]' from process `$paramod$4b7811f44621306de1934956b7faac1b18231a88\kmeans_dist_core_pipelined.$proc$/home/bao/ECE410-HW4AI/project/m3/synth/v2005/kmeans_dist_core_pipelined.v:48$73'.
No latch inferred for signal `$paramod$4b7811f44621306de1934956b7faac1b18231a88\kmeans_dist_core_pipelined.\cen_kd[47]' from process `$paramod$4b7811f44621306de1934956b7faac1b18231a88\kmeans_dist_core_pipelined.$proc$/home/bao/ECE410-HW4AI/project/m3/synth/v2005/kmeans_dist_core_pipelined.v:48$73'.
No latch inferred for signal `$paramod$4b7811f44621306de1934956b7faac1b18231a88\kmeans_dist_core_pipelined.\kdist_c[0]' from process `$paramod$4b7811f44621306de1934956b7faac1b18231a88\kmeans_dist_core_pipelined.$proc$/home/bao/ECE410-HW4AI/project/m3/synth/v2005/kmeans_dist_core_pipelined.v:48$73'.
No latch inferred for signal `$paramod$4b7811f44621306de1934956b7faac1b18231a88\kmeans_dist_core_pipelined.\kdist_c[1]' from process `$paramod$4b7811f44621306de1934956b7faac1b18231a88\kmeans_dist_core_pipelined.$proc$/home/bao/ECE410-HW4AI/project/m3/synth/v2005/kmeans_dist_core_pipelined.v:48$73'.
No latch inferred for signal `$paramod$4b7811f44621306de1934956b7faac1b18231a88\kmeans_dist_core_pipelined.\kdist_c[2]' from process `$paramod$4b7811f44621306de1934956b7faac1b18231a88\kmeans_dist_core_pipelined.$proc$/home/bao/ECE410-HW4AI/project/m3/synth/v2005/kmeans_dist_core_pipelined.v:48$73'.
No latch inferred for signal `$paramod$4b7811f44621306de1934956b7faac1b18231a88\kmeans_dist_core_pipelined.\kdist_c[3]' from process `$paramod$4b7811f44621306de1934956b7faac1b18231a88\kmeans_dist_core_pipelined.$proc$/home/bao/ECE410-HW4AI/project/m3/synth/v2005/kmeans_dist_core_pipelined.v:48$73'.
No latch inferred for signal `$paramod$4b7811f44621306de1934956b7faac1b18231a88\kmeans_dist_core_pipelined.\kdist_c[4]' from process `$paramod$4b7811f44621306de1934956b7faac1b18231a88\kmeans_dist_core_pipelined.$proc$/home/bao/ECE410-HW4AI/project/m3/synth/v2005/kmeans_dist_core_pipelined.v:48$73'.
No latch inferred for signal `$paramod$4b7811f44621306de1934956b7faac1b18231a88\kmeans_dist_core_pipelined.\kdist_c[5]' from process `$paramod$4b7811f44621306de1934956b7faac1b18231a88\kmeans_dist_core_pipelined.$proc$/home/bao/ECE410-HW4AI/project/m3/synth/v2005/kmeans_dist_core_pipelined.v:48$73'.
No latch inferred for signal `$paramod$4b7811f44621306de1934956b7faac1b18231a88\kmeans_dist_core_pipelined.\kdist_c[6]' from process `$paramod$4b7811f44621306de1934956b7faac1b18231a88\kmeans_dist_core_pipelined.$proc$/home/bao/ECE410-HW4AI/project/m3/synth/v2005/kmeans_dist_core_pipelined.v:48$73'.
No latch inferred for signal `$paramod$4b7811f44621306de1934956b7faac1b18231a88\kmeans_dist_core_pipelined.\kdist_c[7]' from process `$paramod$4b7811f44621306de1934956b7faac1b18231a88\kmeans_dist_core_pipelined.$proc$/home/bao/ECE410-HW4AI/project/m3/synth/v2005/kmeans_dist_core_pipelined.v:48$73'.
No latch inferred for signal `$paramod$4b7811f44621306de1934956b7faac1b18231a88\kmeans_dist_core_pipelined.\kdist_c[8]' from process `$paramod$4b7811f44621306de1934956b7faac1b18231a88\kmeans_dist_core_pipelined.$proc$/home/bao/ECE410-HW4AI/project/m3/synth/v2005/kmeans_dist_core_pipelined.v:48$73'.
No latch inferred for signal `$paramod$4b7811f44621306de1934956b7faac1b18231a88\kmeans_dist_core_pipelined.\kdist_c[9]' from process `$paramod$4b7811f44621306de1934956b7faac1b18231a88\kmeans_dist_core_pipelined.$proc$/home/bao/ECE410-HW4AI/project/m3/synth/v2005/kmeans_dist_core_pipelined.v:48$73'.
No latch inferred for signal `$paramod$4b7811f44621306de1934956b7faac1b18231a88\kmeans_dist_core_pipelined.\kdist_c[10]' from process `$paramod$4b7811f44621306de1934956b7faac1b18231a88\kmeans_dist_core_pipelined.$proc$/home/bao/ECE410-HW4AI/project/m3/synth/v2005/kmeans_dist_core_pipelined.v:48$73'.
No latch inferred for signal `$paramod$4b7811f44621306de1934956b7faac1b18231a88\kmeans_dist_core_pipelined.\kdist_c[11]' from process `$paramod$4b7811f44621306de1934956b7faac1b18231a88\kmeans_dist_core_pipelined.$proc$/home/bao/ECE410-HW4AI/project/m3/synth/v2005/kmeans_dist_core_pipelined.v:48$73'.
No latch inferred for signal `$paramod$4b7811f44621306de1934956b7faac1b18231a88\kmeans_dist_core_pipelined.\kdist_c[12]' from process `$paramod$4b7811f44621306de1934956b7faac1b18231a88\kmeans_dist_core_pipelined.$proc$/home/bao/ECE410-HW4AI/project/m3/synth/v2005/kmeans_dist_core_pipelined.v:48$73'.
No latch inferred for signal `$paramod$4b7811f44621306de1934956b7faac1b18231a88\kmeans_dist_core_pipelined.\kdist_c[13]' from process `$paramod$4b7811f44621306de1934956b7faac1b18231a88\kmeans_dist_core_pipelined.$proc$/home/bao/ECE410-HW4AI/project/m3/synth/v2005/kmeans_dist_core_pipelined.v:48$73'.
No latch inferred for signal `$paramod$4b7811f44621306de1934956b7faac1b18231a88\kmeans_dist_core_pipelined.\kdist_c[14]' from process `$paramod$4b7811f44621306de1934956b7faac1b18231a88\kmeans_dist_core_pipelined.$proc$/home/bao/ECE410-HW4AI/project/m3/synth/v2005/kmeans_dist_core_pipelined.v:48$73'.
No latch inferred for signal `$paramod$4b7811f44621306de1934956b7faac1b18231a88\kmeans_dist_core_pipelined.\kdist_c[15]' from process `$paramod$4b7811f44621306de1934956b7faac1b18231a88\kmeans_dist_core_pipelined.$proc$/home/bao/ECE410-HW4AI/project/m3/synth/v2005/kmeans_dist_core_pipelined.v:48$73'.
No latch inferred for signal `$paramod$4b7811f44621306de1934956b7faac1b18231a88\kmeans_dist_core_pipelined.\ad_kd[0]' from process `$paramod$4b7811f44621306de1934956b7faac1b18231a88\kmeans_dist_core_pipelined.$proc$/home/bao/ECE410-HW4AI/project/m3/synth/v2005/kmeans_dist_core_pipelined.v:48$73'.
No latch inferred for signal `$paramod$4b7811f44621306de1934956b7faac1b18231a88\kmeans_dist_core_pipelined.\ad_kd[1]' from process `$paramod$4b7811f44621306de1934956b7faac1b18231a88\kmeans_dist_core_pipelined.$proc$/home/bao/ECE410-HW4AI/project/m3/synth/v2005/kmeans_dist_core_pipelined.v:48$73'.
No latch inferred for signal `$paramod$4b7811f44621306de1934956b7faac1b18231a88\kmeans_dist_core_pipelined.\ad_kd[2]' from process `$paramod$4b7811f44621306de1934956b7faac1b18231a88\kmeans_dist_core_pipelined.$proc$/home/bao/ECE410-HW4AI/project/m3/synth/v2005/kmeans_dist_core_pipelined.v:48$73'.
No latch inferred for signal `$paramod$4b7811f44621306de1934956b7faac1b18231a88\kmeans_dist_core_pipelined.\ad_kd[3]' from process `$paramod$4b7811f44621306de1934956b7faac1b18231a88\kmeans_dist_core_pipelined.$proc$/home/bao/ECE410-HW4AI/project/m3/synth/v2005/kmeans_dist_core_pipelined.v:48$73'.
No latch inferred for signal `$paramod$4b7811f44621306de1934956b7faac1b18231a88\kmeans_dist_core_pipelined.\ad_kd[4]' from process `$paramod$4b7811f44621306de1934956b7faac1b18231a88\kmeans_dist_core_pipelined.$proc$/home/bao/ECE410-HW4AI/project/m3/synth/v2005/kmeans_dist_core_pipelined.v:48$73'.
No latch inferred for signal `$paramod$4b7811f44621306de1934956b7faac1b18231a88\kmeans_dist_core_pipelined.\ad_kd[5]' from process `$paramod$4b7811f44621306de1934956b7faac1b18231a88\kmeans_dist_core_pipelined.$proc$/home/bao/ECE410-HW4AI/project/m3/synth/v2005/kmeans_dist_core_pipelined.v:48$73'.
No latch inferred for signal `$paramod$4b7811f44621306de1934956b7faac1b18231a88\kmeans_dist_core_pipelined.\ad_kd[6]' from process `$paramod$4b7811f44621306de1934956b7faac1b18231a88\kmeans_dist_core_pipelined.$proc$/home/bao/ECE410-HW4AI/project/m3/synth/v2005/kmeans_dist_core_pipelined.v:48$73'.
No latch inferred for signal `$paramod$4b7811f44621306de1934956b7faac1b18231a88\kmeans_dist_core_pipelined.\ad_kd[7]' from process `$paramod$4b7811f44621306de1934956b7faac1b18231a88\kmeans_dist_core_pipelined.$proc$/home/bao/ECE410-HW4AI/project/m3/synth/v2005/kmeans_dist_core_pipelined.v:48$73'.
No latch inferred for signal `$paramod$4b7811f44621306de1934956b7faac1b18231a88\kmeans_dist_core_pipelined.\ad_kd[8]' from process `$paramod$4b7811f44621306de1934956b7faac1b18231a88\kmeans_dist_core_pipelined.$proc$/home/bao/ECE410-HW4AI/project/m3/synth/v2005/kmeans_dist_core_pipelined.v:48$73'.
No latch inferred for signal `$paramod$4b7811f44621306de1934956b7faac1b18231a88\kmeans_dist_core_pipelined.\ad_kd[9]' from process `$paramod$4b7811f44621306de1934956b7faac1b18231a88\kmeans_dist_core_pipelined.$proc$/home/bao/ECE410-HW4AI/project/m3/synth/v2005/kmeans_dist_core_pipelined.v:48$73'.
No latch inferred for signal `$paramod$4b7811f44621306de1934956b7faac1b18231a88\kmeans_dist_core_pipelined.\ad_kd[10]' from process `$paramod$4b7811f44621306de1934956b7faac1b18231a88\kmeans_dist_core_pipelined.$proc$/home/bao/ECE410-HW4AI/project/m3/synth/v2005/kmeans_dist_core_pipelined.v:48$73'.
No latch inferred for signal `$paramod$4b7811f44621306de1934956b7faac1b18231a88\kmeans_dist_core_pipelined.\ad_kd[11]' from process `$paramod$4b7811f44621306de1934956b7faac1b18231a88\kmeans_dist_core_pipelined.$proc$/home/bao/ECE410-HW4AI/project/m3/synth/v2005/kmeans_dist_core_pipelined.v:48$73'.
No latch inferred for signal `$paramod$4b7811f44621306de1934956b7faac1b18231a88\kmeans_dist_core_pipelined.\ad_kd[12]' from process `$paramod$4b7811f44621306de1934956b7faac1b18231a88\kmeans_dist_core_pipelined.$proc$/home/bao/ECE410-HW4AI/project/m3/synth/v2005/kmeans_dist_core_pipelined.v:48$73'.
No latch inferred for signal `$paramod$4b7811f44621306de1934956b7faac1b18231a88\kmeans_dist_core_pipelined.\ad_kd[13]' from process `$paramod$4b7811f44621306de1934956b7faac1b18231a88\kmeans_dist_core_pipelined.$proc$/home/bao/ECE410-HW4AI/project/m3/synth/v2005/kmeans_dist_core_pipelined.v:48$73'.
No latch inferred for signal `$paramod$4b7811f44621306de1934956b7faac1b18231a88\kmeans_dist_core_pipelined.\ad_kd[14]' from process `$paramod$4b7811f44621306de1934956b7faac1b18231a88\kmeans_dist_core_pipelined.$proc$/home/bao/ECE410-HW4AI/project/m3/synth/v2005/kmeans_dist_core_pipelined.v:48$73'.
No latch inferred for signal `$paramod$4b7811f44621306de1934956b7faac1b18231a88\kmeans_dist_core_pipelined.\ad_kd[15]' from process `$paramod$4b7811f44621306de1934956b7faac1b18231a88\kmeans_dist_core_pipelined.$proc$/home/bao/ECE410-HW4AI/project/m3/synth/v2005/kmeans_dist_core_pipelined.v:48$73'.

18. Executing PROC_DFF pass (convert process syncs to FFs).
Creating register for signal `$paramod$8649f25cd3d7de109d0031f9c169b3c16bec957e\axil_slave_int.\arready' using process `$paramod$8649f25cd3d7de109d0031f9c169b3c16bec957e\axil_slave_int.$proc$/home/bao/ECE410-HW4AI/project/m3/synth/v2005/axil_slave_int.v:236$69'.
  created $adff cell `$procdff$1423' with positive edge clock and positive level reset.
Creating register for signal `$paramod$8649f25cd3d7de109d0031f9c169b3c16bec957e\axil_slave_int.\rdata' using process `$paramod$8649f25cd3d7de109d0031f9c169b3c16bec957e\axil_slave_int.$proc$/home/bao/ECE410-HW4AI/project/m3/synth/v2005/axil_slave_int.v:236$69'.
  created $adff cell `$procdff$1428' with positive edge clock and positive level reset.
Creating register for signal `$paramod$8649f25cd3d7de109d0031f9c169b3c16bec957e\axil_slave_int.\rresp' using process `$paramod$8649f25cd3d7de109d0031f9c169b3c16bec957e\axil_slave_int.$proc$/home/bao/ECE410-HW4AI/project/m3/synth/v2005/axil_slave_int.v:236$69'.
  created $adff cell `$procdff$1433' with positive edge clock and positive level reset.
Creating register for signal `$paramod$8649f25cd3d7de109d0031f9c169b3c16bec957e\axil_slave_int.\rvalid' using process `$paramod$8649f25cd3d7de109d0031f9c169b3c16bec957e\axil_slave_int.$proc$/home/bao/ECE410-HW4AI/project/m3/synth/v2005/axil_slave_int.v:236$69'.
  created $adff cell `$procdff$1438' with positive edge clock and positive level reset.
Creating register for signal `$paramod$8649f25cd3d7de109d0031f9c169b3c16bec957e\axil_slave_int.\rd_state' using process `$paramod$8649f25cd3d7de109d0031f9c169b3c16bec957e\axil_slave_int.$proc$/home/bao/ECE410-HW4AI/project/m3/synth/v2005/axil_slave_int.v:236$69'.
  created $adff cell `$procdff$1443' with positive edge clock and positive level reset.
Creating register for signal `$paramod$8649f25cd3d7de109d0031f9c169b3c16bec957e\axil_slave_int.\awready' using process `$paramod$8649f25cd3d7de109d0031f9c169b3c16bec957e\axil_slave_int.$proc$/home/bao/ECE410-HW4AI/project/m3/synth/v2005/axil_slave_int.v:148$61'.
  created $adff cell `$procdff$1448' with positive edge clock and positive level reset.
Creating register for signal `$paramod$8649f25cd3d7de109d0031f9c169b3c16bec957e\axil_slave_int.\wready' using process `$paramod$8649f25cd3d7de109d0031f9c169b3c16bec957e\axil_slave_int.$proc$/home/bao/ECE410-HW4AI/project/m3/synth/v2005/axil_slave_int.v:148$61'.
  created $adff cell `$procdff$1453' with positive edge clock and positive level reset.
Creating register for signal `$paramod$8649f25cd3d7de109d0031f9c169b3c16bec957e\axil_slave_int.\bresp' using process `$paramod$8649f25cd3d7de109d0031f9c169b3c16bec957e\axil_slave_int.$proc$/home/bao/ECE410-HW4AI/project/m3/synth/v2005/axil_slave_int.v:148$61'.
  created $adff cell `$procdff$1458' with positive edge clock and positive level reset.
Creating register for signal `$paramod$8649f25cd3d7de109d0031f9c169b3c16bec957e\axil_slave_int.\bvalid' using process `$paramod$8649f25cd3d7de109d0031f9c169b3c16bec957e\axil_slave_int.$proc$/home/bao/ECE410-HW4AI/project/m3/synth/v2005/axil_slave_int.v:148$61'.
  created $adff cell `$procdff$1463' with positive edge clock and positive level reset.
Creating register for signal `$paramod$8649f25cd3d7de109d0031f9c169b3c16bec957e\axil_slave_int.\wr_state' using process `$paramod$8649f25cd3d7de109d0031f9c169b3c16bec957e\axil_slave_int.$proc$/home/bao/ECE410-HW4AI/project/m3/synth/v2005/axil_slave_int.v:148$61'.
  created $adff cell `$procdff$1468' with positive edge clock and positive level reset.
Creating register for signal `$paramod$8649f25cd3d7de109d0031f9c169b3c16bec957e\axil_slave_int.\wr_addr_latch' using process `$paramod$8649f25cd3d7de109d0031f9c169b3c16bec957e\axil_slave_int.$proc$/home/bao/ECE410-HW4AI/project/m3/synth/v2005/axil_slave_int.v:148$61'.
  created $adff cell `$procdff$1473' with positive edge clock and positive level reset.
Creating register for signal `$paramod$8649f25cd3d7de109d0031f9c169b3c16bec957e\axil_slave_int.\wr_data_latch' using process `$paramod$8649f25cd3d7de109d0031f9c169b3c16bec957e\axil_slave_int.$proc$/home/bao/ECE410-HW4AI/project/m3/synth/v2005/axil_slave_int.v:148$61'.
  created $adff cell `$procdff$1478' with positive edge clock and positive level reset.
Creating register for signal `$paramod$8649f25cd3d7de109d0031f9c169b3c16bec957e\axil_slave_int.\wi' using process `$paramod$8649f25cd3d7de109d0031f9c169b3c16bec957e\axil_slave_int.$proc$/home/bao/ECE410-HW4AI/project/m3/synth/v2005/axil_slave_int.v:148$61'.
  created $adff cell `$procdff$1483' with positive edge clock and positive level reset.
Creating register for signal `$paramod$8649f25cd3d7de109d0031f9c169b3c16bec957e\axil_slave_int.\reg_pixel[0]' using process `$paramod$8649f25cd3d7de109d0031f9c169b3c16bec957e\axil_slave_int.$proc$/home/bao/ECE410-HW4AI/project/m3/synth/v2005/axil_slave_int.v:148$61'.
  created $adff cell `$procdff$1488' with positive edge clock and positive level reset.
Creating register for signal `$paramod$8649f25cd3d7de109d0031f9c169b3c16bec957e\axil_slave_int.\reg_pixel[1]' using process `$paramod$8649f25cd3d7de109d0031f9c169b3c16bec957e\axil_slave_int.$proc$/home/bao/ECE410-HW4AI/project/m3/synth/v2005/axil_slave_int.v:148$61'.
  created $adff cell `$procdff$1493' with positive edge clock and positive level reset.
Creating register for signal `$paramod$8649f25cd3d7de109d0031f9c169b3c16bec957e\axil_slave_int.\reg_pixel[2]' using process `$paramod$8649f25cd3d7de109d0031f9c169b3c16bec957e\axil_slave_int.$proc$/home/bao/ECE410-HW4AI/project/m3/synth/v2005/axil_slave_int.v:148$61'.
  created $adff cell `$procdff$1498' with positive edge clock and positive level reset.
Creating register for signal `$paramod$8649f25cd3d7de109d0031f9c169b3c16bec957e\axil_slave_int.\reg_centroids[0]' using process `$paramod$8649f25cd3d7de109d0031f9c169b3c16bec957e\axil_slave_int.$proc$/home/bao/ECE410-HW4AI/project/m3/synth/v2005/axil_slave_int.v:148$61'.
  created $adff cell `$procdff$1503' with positive edge clock and positive level reset.
Creating register for signal `$paramod$8649f25cd3d7de109d0031f9c169b3c16bec957e\axil_slave_int.\reg_centroids[1]' using process `$paramod$8649f25cd3d7de109d0031f9c169b3c16bec957e\axil_slave_int.$proc$/home/bao/ECE410-HW4AI/project/m3/synth/v2005/axil_slave_int.v:148$61'.
  created $adff cell `$procdff$1508' with positive edge clock and positive level reset.
Creating register for signal `$paramod$8649f25cd3d7de109d0031f9c169b3c16bec957e\axil_slave_int.\reg_centroids[2]' using process `$paramod$8649f25cd3d7de109d0031f9c169b3c16bec957e\axil_slave_int.$proc$/home/bao/ECE410-HW4AI/project/m3/synth/v2005/axil_slave_int.v:148$61'.
  created $adff cell `$procdff$1513' with positive edge clock and positive level reset.
Creating register for signal `$paramod$8649f25cd3d7de109d0031f9c169b3c16bec957e\axil_slave_int.\reg_centroids[3]' using process `$paramod$8649f25cd3d7de109d0031f9c169b3c16bec957e\axil_slave_int.$proc$/home/bao/ECE410-HW4AI/project/m3/synth/v2005/axil_slave_int.v:148$61'.
  created $adff cell `$procdff$1518' with positive edge clock and positive level reset.
Creating register for signal `$paramod$8649f25cd3d7de109d0031f9c169b3c16bec957e\axil_slave_int.\reg_centroids[4]' using process `$paramod$8649f25cd3d7de109d0031f9c169b3c16bec957e\axil_slave_int.$proc$/home/bao/ECE410-HW4AI/project/m3/synth/v2005/axil_slave_int.v:148$61'.
  created $adff cell `$procdff$1523' with positive edge clock and positive level reset.
Creating register for signal `$paramod$8649f25cd3d7de109d0031f9c169b3c16bec957e\axil_slave_int.\reg_centroids[5]' using process `$paramod$8649f25cd3d7de109d0031f9c169b3c16bec957e\axil_slave_int.$proc$/home/bao/ECE410-HW4AI/project/m3/synth/v2005/axil_slave_int.v:148$61'.
  created $adff cell `$procdff$1528' with positive edge clock and positive level reset.
Creating register for signal `$paramod$8649f25cd3d7de109d0031f9c169b3c16bec957e\axil_slave_int.\reg_centroids[6]' using process `$paramod$8649f25cd3d7de109d0031f9c169b3c16bec957e\axil_slave_int.$proc$/home/bao/ECE410-HW4AI/project/m3/synth/v2005/axil_slave_int.v:148$61'.
  created $adff cell `$procdff$1533' with positive edge clock and positive level reset.
Creating register for signal `$paramod$8649f25cd3d7de109d0031f9c169b3c16bec957e\axil_slave_int.\reg_centroids[7]' using process `$paramod$8649f25cd3d7de109d0031f9c169b3c16bec957e\axil_slave_int.$proc$/home/bao/ECE410-HW4AI/project/m3/synth/v2005/axil_slave_int.v:148$61'.
  created $adff cell `$procdff$1538' with positive edge clock and positive level reset.
Creating register for signal `$paramod$8649f25cd3d7de109d0031f9c169b3c16bec957e\axil_slave_int.\reg_centroids[8]' using process `$paramod$8649f25cd3d7de109d0031f9c169b3c16bec957e\axil_slave_int.$proc$/home/bao/ECE410-HW4AI/project/m3/synth/v2005/axil_slave_int.v:148$61'.
  created $adff cell `$procdff$1543' with positive edge clock and positive level reset.
Creating register for signal `$paramod$8649f25cd3d7de109d0031f9c169b3c16bec957e\axil_slave_int.\reg_centroids[9]' using process `$paramod$8649f25cd3d7de109d0031f9c169b3c16bec957e\axil_slave_int.$proc$/home/bao/ECE410-HW4AI/project/m3/synth/v2005/axil_slave_int.v:148$61'.
  created $adff cell `$procdff$1548' with positive edge clock and positive level reset.
Creating register for signal `$paramod$8649f25cd3d7de109d0031f9c169b3c16bec957e\axil_slave_int.\reg_centroids[10]' using process `$paramod$8649f25cd3d7de109d0031f9c169b3c16bec957e\axil_slave_int.$proc$/home/bao/ECE410-HW4AI/project/m3/synth/v2005/axil_slave_int.v:148$61'.
  created $adff cell `$procdff$1553' with positive edge clock and positive level reset.
Creating register for signal `$paramod$8649f25cd3d7de109d0031f9c169b3c16bec957e\axil_slave_int.\reg_centroids[11]' using process `$paramod$8649f25cd3d7de109d0031f9c169b3c16bec957e\axil_slave_int.$proc$/home/bao/ECE410-HW4AI/project/m3/synth/v2005/axil_slave_int.v:148$61'.
  created $adff cell `$procdff$1558' with positive edge clock and positive level reset.
Creating register for signal `$paramod$8649f25cd3d7de109d0031f9c169b3c16bec957e\axil_slave_int.\reg_centroids[12]' using process `$paramod$8649f25cd3d7de109d0031f9c169b3c16bec957e\axil_slave_int.$proc$/home/bao/ECE410-HW4AI/project/m3/synth/v2005/axil_slave_int.v:148$61'.
  created $adff cell `$procdff$1563' with positive edge clock and positive level reset.
Creating register for signal `$paramod$8649f25cd3d7de109d0031f9c169b3c16bec957e\axil_slave_int.\reg_centroids[13]' using process `$paramod$8649f25cd3d7de109d0031f9c169b3c16bec957e\axil_slave_int.$proc$/home/bao/ECE410-HW4AI/project/m3/synth/v2005/axil_slave_int.v:148$61'.
  created $adff cell `$procdff$1568' with positive edge clock and positive level reset.
Creating register for signal `$paramod$8649f25cd3d7de109d0031f9c169b3c16bec957e\axil_slave_int.\reg_centroids[14]' using process `$paramod$8649f25cd3d7de109d0031f9c169b3c16bec957e\axil_slave_int.$proc$/home/bao/ECE410-HW4AI/project/m3/synth/v2005/axil_slave_int.v:148$61'.
  created $adff cell `$procdff$1573' with positive edge clock and positive level reset.
Creating register for signal `$paramod$8649f25cd3d7de109d0031f9c169b3c16bec957e\axil_slave_int.\reg_centroids[15]' using process `$paramod$8649f25cd3d7de109d0031f9c169b3c16bec957e\axil_slave_int.$proc$/home/bao/ECE410-HW4AI/project/m3/synth/v2005/axil_slave_int.v:148$61'.
  created $adff cell `$procdff$1578' with positive edge clock and positive level reset.
Creating register for signal `$paramod$8649f25cd3d7de109d0031f9c169b3c16bec957e\axil_slave_int.\reg_centroids[16]' using process `$paramod$8649f25cd3d7de109d0031f9c169b3c16bec957e\axil_slave_int.$proc$/home/bao/ECE410-HW4AI/project/m3/synth/v2005/axil_slave_int.v:148$61'.
  created $adff cell `$procdff$1583' with positive edge clock and positive level reset.
Creating register for signal `$paramod$8649f25cd3d7de109d0031f9c169b3c16bec957e\axil_slave_int.\reg_centroids[17]' using process `$paramod$8649f25cd3d7de109d0031f9c169b3c16bec957e\axil_slave_int.$proc$/home/bao/ECE410-HW4AI/project/m3/synth/v2005/axil_slave_int.v:148$61'.
  created $adff cell `$procdff$1588' with positive edge clock and positive level reset.
Creating register for signal `$paramod$8649f25cd3d7de109d0031f9c169b3c16bec957e\axil_slave_int.\reg_centroids[18]' using process `$paramod$8649f25cd3d7de109d0031f9c169b3c16bec957e\axil_slave_int.$proc$/home/bao/ECE410-HW4AI/project/m3/synth/v2005/axil_slave_int.v:148$61'.
  created $adff cell `$procdff$1593' with positive edge clock and positive level reset.
Creating register for signal `$paramod$8649f25cd3d7de109d0031f9c169b3c16bec957e\axil_slave_int.\reg_centroids[19]' using process `$paramod$8649f25cd3d7de109d0031f9c169b3c16bec957e\axil_slave_int.$proc$/home/bao/ECE410-HW4AI/project/m3/synth/v2005/axil_slave_int.v:148$61'.
  created $adff cell `$procdff$1598' with positive edge clock and positive level reset.
Creating register for signal `$paramod$8649f25cd3d7de109d0031f9c169b3c16bec957e\axil_slave_int.\reg_centroids[20]' using process `$paramod$8649f25cd3d7de109d0031f9c169b3c16bec957e\axil_slave_int.$proc$/home/bao/ECE410-HW4AI/project/m3/synth/v2005/axil_slave_int.v:148$61'.
  created $adff cell `$procdff$1603' with positive edge clock and positive level reset.
Creating register for signal `$paramod$8649f25cd3d7de109d0031f9c169b3c16bec957e\axil_slave_int.\reg_centroids[21]' using process `$paramod$8649f25cd3d7de109d0031f9c169b3c16bec957e\axil_slave_int.$proc$/home/bao/ECE410-HW4AI/project/m3/synth/v2005/axil_slave_int.v:148$61'.
  created $adff cell `$procdff$1608' with positive edge clock and positive level reset.
Creating register for signal `$paramod$8649f25cd3d7de109d0031f9c169b3c16bec957e\axil_slave_int.\reg_centroids[22]' using process `$paramod$8649f25cd3d7de109d0031f9c169b3c16bec957e\axil_slave_int.$proc$/home/bao/ECE410-HW4AI/project/m3/synth/v2005/axil_slave_int.v:148$61'.
  created $adff cell `$procdff$1613' with positive edge clock and positive level reset.
Creating register for signal `$paramod$8649f25cd3d7de109d0031f9c169b3c16bec957e\axil_slave_int.\reg_centroids[23]' using process `$paramod$8649f25cd3d7de109d0031f9c169b3c16bec957e\axil_slave_int.$proc$/home/bao/ECE410-HW4AI/project/m3/synth/v2005/axil_slave_int.v:148$61'.
  created $adff cell `$procdff$1618' with positive edge clock and positive level reset.
Creating register for signal `$paramod$8649f25cd3d7de109d0031f9c169b3c16bec957e\axil_slave_int.\reg_centroids[24]' using process `$paramod$8649f25cd3d7de109d0031f9c169b3c16bec957e\axil_slave_int.$proc$/home/bao/ECE410-HW4AI/project/m3/synth/v2005/axil_slave_int.v:148$61'.
  created $adff cell `$procdff$1623' with positive edge clock and positive level reset.
Creating register for signal `$paramod$8649f25cd3d7de109d0031f9c169b3c16bec957e\axil_slave_int.\reg_centroids[25]' using process `$paramod$8649f25cd3d7de109d0031f9c169b3c16bec957e\axil_slave_int.$proc$/home/bao/ECE410-HW4AI/project/m3/synth/v2005/axil_slave_int.v:148$61'.
  created $adff cell `$procdff$1628' with positive edge clock and positive level reset.
Creating register for signal `$paramod$8649f25cd3d7de109d0031f9c169b3c16bec957e\axil_slave_int.\reg_centroids[26]' using process `$paramod$8649f25cd3d7de109d0031f9c169b3c16bec957e\axil_slave_int.$proc$/home/bao/ECE410-HW4AI/project/m3/synth/v2005/axil_slave_int.v:148$61'.
  created $adff cell `$procdff$1633' with positive edge clock and positive level reset.
Creating register for signal `$paramod$8649f25cd3d7de109d0031f9c169b3c16bec957e\axil_slave_int.\reg_centroids[27]' using process `$paramod$8649f25cd3d7de109d0031f9c169b3c16bec957e\axil_slave_int.$proc$/home/bao/ECE410-HW4AI/project/m3/synth/v2005/axil_slave_int.v:148$61'.
  created $adff cell `$procdff$1638' with positive edge clock and positive level reset.
Creating register for signal `$paramod$8649f25cd3d7de109d0031f9c169b3c16bec957e\axil_slave_int.\reg_centroids[28]' using process `$paramod$8649f25cd3d7de109d0031f9c169b3c16bec957e\axil_slave_int.$proc$/home/bao/ECE410-HW4AI/project/m3/synth/v2005/axil_slave_int.v:148$61'.
  created $adff cell `$procdff$1643' with positive edge clock and positive level reset.
Creating register for signal `$paramod$8649f25cd3d7de109d0031f9c169b3c16bec957e\axil_slave_int.\reg_centroids[29]' using process `$paramod$8649f25cd3d7de109d0031f9c169b3c16bec957e\axil_slave_int.$proc$/home/bao/ECE410-HW4AI/project/m3/synth/v2005/axil_slave_int.v:148$61'.
  created $adff cell `$procdff$1648' with positive edge clock and positive level reset.
Creating register for signal `$paramod$8649f25cd3d7de109d0031f9c169b3c16bec957e\axil_slave_int.\reg_centroids[30]' using process `$paramod$8649f25cd3d7de109d0031f9c169b3c16bec957e\axil_slave_int.$proc$/home/bao/ECE410-HW4AI/project/m3/synth/v2005/axil_slave_int.v:148$61'.
  created $adff cell `$procdff$1653' with positive edge clock and positive level reset.
Creating register for signal `$paramod$8649f25cd3d7de109d0031f9c169b3c16bec957e\axil_slave_int.\reg_centroids[31]' using process `$paramod$8649f25cd3d7de109d0031f9c169b3c16bec957e\axil_slave_int.$proc$/home/bao/ECE410-HW4AI/project/m3/synth/v2005/axil_slave_int.v:148$61'.
  created $adff cell `$procdff$1658' with positive edge clock and positive level reset.
Creating register for signal `$paramod$8649f25cd3d7de109d0031f9c169b3c16bec957e\axil_slave_int.\reg_centroids[32]' using process `$paramod$8649f25cd3d7de109d0031f9c169b3c16bec957e\axil_slave_int.$proc$/home/bao/ECE410-HW4AI/project/m3/synth/v2005/axil_slave_int.v:148$61'.
  created $adff cell `$procdff$1663' with positive edge clock and positive level reset.
Creating register for signal `$paramod$8649f25cd3d7de109d0031f9c169b3c16bec957e\axil_slave_int.\reg_centroids[33]' using process `$paramod$8649f25cd3d7de109d0031f9c169b3c16bec957e\axil_slave_int.$proc$/home/bao/ECE410-HW4AI/project/m3/synth/v2005/axil_slave_int.v:148$61'.
  created $adff cell `$procdff$1668' with positive edge clock and positive level reset.
Creating register for signal `$paramod$8649f25cd3d7de109d0031f9c169b3c16bec957e\axil_slave_int.\reg_centroids[34]' using process `$paramod$8649f25cd3d7de109d0031f9c169b3c16bec957e\axil_slave_int.$proc$/home/bao/ECE410-HW4AI/project/m3/synth/v2005/axil_slave_int.v:148$61'.
  created $adff cell `$procdff$1673' with positive edge clock and positive level reset.
Creating register for signal `$paramod$8649f25cd3d7de109d0031f9c169b3c16bec957e\axil_slave_int.\reg_centroids[35]' using process `$paramod$8649f25cd3d7de109d0031f9c169b3c16bec957e\axil_slave_int.$proc$/home/bao/ECE410-HW4AI/project/m3/synth/v2005/axil_slave_int.v:148$61'.
  created $adff cell `$procdff$1678' with positive edge clock and positive level reset.
Creating register for signal `$paramod$8649f25cd3d7de109d0031f9c169b3c16bec957e\axil_slave_int.\reg_centroids[36]' using process `$paramod$8649f25cd3d7de109d0031f9c169b3c16bec957e\axil_slave_int.$proc$/home/bao/ECE410-HW4AI/project/m3/synth/v2005/axil_slave_int.v:148$61'.
  created $adff cell `$procdff$1683' with positive edge clock and positive level reset.
Creating register for signal `$paramod$8649f25cd3d7de109d0031f9c169b3c16bec957e\axil_slave_int.\reg_centroids[37]' using process `$paramod$8649f25cd3d7de109d0031f9c169b3c16bec957e\axil_slave_int.$proc$/home/bao/ECE410-HW4AI/project/m3/synth/v2005/axil_slave_int.v:148$61'.
  created $adff cell `$procdff$1688' with positive edge clock and positive level reset.
Creating register for signal `$paramod$8649f25cd3d7de109d0031f9c169b3c16bec957e\axil_slave_int.\reg_centroids[38]' using process `$paramod$8649f25cd3d7de109d0031f9c169b3c16bec957e\axil_slave_int.$proc$/home/bao/ECE410-HW4AI/project/m3/synth/v2005/axil_slave_int.v:148$61'.
  created $adff cell `$procdff$1693' with positive edge clock and positive level reset.
Creating register for signal `$paramod$8649f25cd3d7de109d0031f9c169b3c16bec957e\axil_slave_int.\reg_centroids[39]' using process `$paramod$8649f25cd3d7de109d0031f9c169b3c16bec957e\axil_slave_int.$proc$/home/bao/ECE410-HW4AI/project/m3/synth/v2005/axil_slave_int.v:148$61'.
  created $adff cell `$procdff$1698' with positive edge clock and positive level reset.
Creating register for signal `$paramod$8649f25cd3d7de109d0031f9c169b3c16bec957e\axil_slave_int.\reg_centroids[40]' using process `$paramod$8649f25cd3d7de109d0031f9c169b3c16bec957e\axil_slave_int.$proc$/home/bao/ECE410-HW4AI/project/m3/synth/v2005/axil_slave_int.v:148$61'.
  created $adff cell `$procdff$1703' with positive edge clock and positive level reset.
Creating register for signal `$paramod$8649f25cd3d7de109d0031f9c169b3c16bec957e\axil_slave_int.\reg_centroids[41]' using process `$paramod$8649f25cd3d7de109d0031f9c169b3c16bec957e\axil_slave_int.$proc$/home/bao/ECE410-HW4AI/project/m3/synth/v2005/axil_slave_int.v:148$61'.
  created $adff cell `$procdff$1708' with positive edge clock and positive level reset.
Creating register for signal `$paramod$8649f25cd3d7de109d0031f9c169b3c16bec957e\axil_slave_int.\reg_centroids[42]' using process `$paramod$8649f25cd3d7de109d0031f9c169b3c16bec957e\axil_slave_int.$proc$/home/bao/ECE410-HW4AI/project/m3/synth/v2005/axil_slave_int.v:148$61'.
  created $adff cell `$procdff$1713' with positive edge clock and positive level reset.
Creating register for signal `$paramod$8649f25cd3d7de109d0031f9c169b3c16bec957e\axil_slave_int.\reg_centroids[43]' using process `$paramod$8649f25cd3d7de109d0031f9c169b3c16bec957e\axil_slave_int.$proc$/home/bao/ECE410-HW4AI/project/m3/synth/v2005/axil_slave_int.v:148$61'.
  created $adff cell `$procdff$1718' with positive edge clock and positive level reset.
Creating register for signal `$paramod$8649f25cd3d7de109d0031f9c169b3c16bec957e\axil_slave_int.\reg_centroids[44]' using process `$paramod$8649f25cd3d7de109d0031f9c169b3c16bec957e\axil_slave_int.$proc$/home/bao/ECE410-HW4AI/project/m3/synth/v2005/axil_slave_int.v:148$61'.
  created $adff cell `$procdff$1723' with positive edge clock and positive level reset.
Creating register for signal `$paramod$8649f25cd3d7de109d0031f9c169b3c16bec957e\axil_slave_int.\reg_centroids[45]' using process `$paramod$8649f25cd3d7de109d0031f9c169b3c16bec957e\axil_slave_int.$proc$/home/bao/ECE410-HW4AI/project/m3/synth/v2005/axil_slave_int.v:148$61'.
  created $adff cell `$procdff$1728' with positive edge clock and positive level reset.
Creating register for signal `$paramod$8649f25cd3d7de109d0031f9c169b3c16bec957e\axil_slave_int.\reg_centroids[46]' using process `$paramod$8649f25cd3d7de109d0031f9c169b3c16bec957e\axil_slave_int.$proc$/home/bao/ECE410-HW4AI/project/m3/synth/v2005/axil_slave_int.v:148$61'.
  created $adff cell `$procdff$1733' with positive edge clock and positive level reset.
Creating register for signal `$paramod$8649f25cd3d7de109d0031f9c169b3c16bec957e\axil_slave_int.\reg_centroids[47]' using process `$paramod$8649f25cd3d7de109d0031f9c169b3c16bec957e\axil_slave_int.$proc$/home/bao/ECE410-HW4AI/project/m3/synth/v2005/axil_slave_int.v:148$61'.
  created $adff cell `$procdff$1738' with positive edge clock and positive level reset.
Creating register for signal `$paramod$8649f25cd3d7de109d0031f9c169b3c16bec957e\axil_slave_int.\busy' using process `$paramod$8649f25cd3d7de109d0031f9c169b3c16bec957e\axil_slave_int.$proc$/home/bao/ECE410-HW4AI/project/m3/synth/v2005/axil_slave_int.v:100$16'.
  created $adff cell `$procdff$1743' with positive edge clock and positive level reset.
Creating register for signal `$paramod$8649f25cd3d7de109d0031f9c169b3c16bec957e\axil_slave_int.\status_done' using process `$paramod$8649f25cd3d7de109d0031f9c169b3c16bec957e\axil_slave_int.$proc$/home/bao/ECE410-HW4AI/project/m3/synth/v2005/axil_slave_int.v:93$14'.
  created $adff cell `$procdff$1748' with positive edge clock and positive level reset.
Creating register for signal `$paramod$4b7811f44621306de1934956b7faac1b18231a88\kmeans_dist_core_pipelined.\done' using process `$paramod$4b7811f44621306de1934956b7faac1b18231a88\kmeans_dist_core_pipelined.$proc$/home/bao/ECE410-HW4AI/project/m3/synth/v2005/kmeans_dist_core_pipelined.v:159$335'.
  created $dff cell `$procdff$1749' with positive edge clock.
Creating register for signal `$paramod$4b7811f44621306de1934956b7faac1b18231a88\kmeans_dist_core_pipelined.\min_dist' using process `$paramod$4b7811f44621306de1934956b7faac1b18231a88\kmeans_dist_core_pipelined.$proc$/home/bao/ECE410-HW4AI/project/m3/synth/v2005/kmeans_dist_core_pipelined.v:159$335'.
  created $dff cell `$procdff$1750' with positive edge clock.
Creating register for signal `$paramod$4b7811f44621306de1934956b7faac1b18231a88\kmeans_dist_core_pipelined.\label' using process `$paramod$4b7811f44621306de1934956b7faac1b18231a88\kmeans_dist_core_pipelined.$proc$/home/bao/ECE410-HW4AI/project/m3/synth/v2005/kmeans_dist_core_pipelined.v:159$335'.
  created $dff cell `$procdff$1751' with positive edge clock.
Creating register for signal `$paramod$4b7811f44621306de1934956b7faac1b18231a88\kmeans_dist_core_pipelined.\i2' using process `$paramod$4b7811f44621306de1934956b7faac1b18231a88\kmeans_dist_core_pipelined.$proc$/home/bao/ECE410-HW4AI/project/m3/synth/v2005/kmeans_dist_core_pipelined.v:123$329'.
  created $dff cell `$procdff$1752' with positive edge clock.
Creating register for signal `$paramod$4b7811f44621306de1934956b7faac1b18231a88\kmeans_dist_core_pipelined.\s2_valid' using process `$paramod$4b7811f44621306de1934956b7faac1b18231a88\kmeans_dist_core_pipelined.$proc$/home/bao/ECE410-HW4AI/project/m3/synth/v2005/kmeans_dist_core_pipelined.v:123$329'.
  created $dff cell `$procdff$1753' with positive edge clock.
Creating register for signal `$paramod$4b7811f44621306de1934956b7faac1b18231a88\kmeans_dist_core_pipelined.\s2_d[0]' using process `$paramod$4b7811f44621306de1934956b7faac1b18231a88\kmeans_dist_core_pipelined.$proc$/home/bao/ECE410-HW4AI/project/m3/synth/v2005/kmeans_dist_core_pipelined.v:123$329'.
  created $dff cell `$procdff$1754' with positive edge clock.
Creating register for signal `$paramod$4b7811f44621306de1934956b7faac1b18231a88\kmeans_dist_core_pipelined.\s2_d[1]' using process `$paramod$4b7811f44621306de1934956b7faac1b18231a88\kmeans_dist_core_pipelined.$proc$/home/bao/ECE410-HW4AI/project/m3/synth/v2005/kmeans_dist_core_pipelined.v:123$329'.
  created $dff cell `$procdff$1755' with positive edge clock.
Creating register for signal `$paramod$4b7811f44621306de1934956b7faac1b18231a88\kmeans_dist_core_pipelined.\s2_d[2]' using process `$paramod$4b7811f44621306de1934956b7faac1b18231a88\kmeans_dist_core_pipelined.$proc$/home/bao/ECE410-HW4AI/project/m3/synth/v2005/kmeans_dist_core_pipelined.v:123$329'.
  created $dff cell `$procdff$1756' with positive edge clock.
Creating register for signal `$paramod$4b7811f44621306de1934956b7faac1b18231a88\kmeans_dist_core_pipelined.\s2_d[3]' using process `$paramod$4b7811f44621306de1934956b7faac1b18231a88\kmeans_dist_core_pipelined.$proc$/home/bao/ECE410-HW4AI/project/m3/synth/v2005/kmeans_dist_core_pipelined.v:123$329'.
  created $dff cell `$procdff$1757' with positive edge clock.
Creating register for signal `$paramod$4b7811f44621306de1934956b7faac1b18231a88\kmeans_dist_core_pipelined.\s2_l[0]' using process `$paramod$4b7811f44621306de1934956b7faac1b18231a88\kmeans_dist_core_pipelined.$proc$/home/bao/ECE410-HW4AI/project/m3/synth/v2005/kmeans_dist_core_pipelined.v:123$329'.
  created $dff cell `$procdff$1758' with positive edge clock.
Creating register for signal `$paramod$4b7811f44621306de1934956b7faac1b18231a88\kmeans_dist_core_pipelined.\s2_l[1]' using process `$paramod$4b7811f44621306de1934956b7faac1b18231a88\kmeans_dist_core_pipelined.$proc$/home/bao/ECE410-HW4AI/project/m3/synth/v2005/kmeans_dist_core_pipelined.v:123$329'.
  created $dff cell `$procdff$1759' with positive edge clock.
Creating register for signal `$paramod$4b7811f44621306de1934956b7faac1b18231a88\kmeans_dist_core_pipelined.\s2_l[2]' using process `$paramod$4b7811f44621306de1934956b7faac1b18231a88\kmeans_dist_core_pipelined.$proc$/home/bao/ECE410-HW4AI/project/m3/synth/v2005/kmeans_dist_core_pipelined.v:123$329'.
  created $dff cell `$procdff$1760' with positive edge clock.
Creating register for signal `$paramod$4b7811f44621306de1934956b7faac1b18231a88\kmeans_dist_core_pipelined.\s2_l[3]' using process `$paramod$4b7811f44621306de1934956b7faac1b18231a88\kmeans_dist_core_pipelined.$proc$/home/bao/ECE410-HW4AI/project/m3/synth/v2005/kmeans_dist_core_pipelined.v:123$329'.
  created $dff cell `$procdff$1761' with positive edge clock.
Creating register for signal `$paramod$4b7811f44621306de1934956b7faac1b18231a88\kmeans_dist_core_pipelined.\ki' using process `$paramod$4b7811f44621306de1934956b7faac1b18231a88\kmeans_dist_core_pipelined.$proc$/home/bao/ECE410-HW4AI/project/m3/synth/v2005/kmeans_dist_core_pipelined.v:74$314'.
  created $dff cell `$procdff$1762' with positive edge clock.
Creating register for signal `$paramod$4b7811f44621306de1934956b7faac1b18231a88\kmeans_dist_core_pipelined.\s1_valid' using process `$paramod$4b7811f44621306de1934956b7faac1b18231a88\kmeans_dist_core_pipelined.$proc$/home/bao/ECE410-HW4AI/project/m3/synth/v2005/kmeans_dist_core_pipelined.v:74$314'.
  created $dff cell `$procdff$1763' with positive edge clock.
Creating register for signal `$paramod$4b7811f44621306de1934956b7faac1b18231a88\kmeans_dist_core_pipelined.\s1_kdist[0]' using process `$paramod$4b7811f44621306de1934956b7faac1b18231a88\kmeans_dist_core_pipelined.$proc$/home/bao/ECE410-HW4AI/project/m3/synth/v2005/kmeans_dist_core_pipelined.v:74$314'.
  created $dff cell `$procdff$1764' with positive edge clock.
Creating register for signal `$paramod$4b7811f44621306de1934956b7faac1b18231a88\kmeans_dist_core_pipelined.\s1_kdist[1]' using process `$paramod$4b7811f44621306de1934956b7faac1b18231a88\kmeans_dist_core_pipelined.$proc$/home/bao/ECE410-HW4AI/project/m3/synth/v2005/kmeans_dist_core_pipelined.v:74$314'.
  created $dff cell `$procdff$1765' with positive edge clock.
Creating register for signal `$paramod$4b7811f44621306de1934956b7faac1b18231a88\kmeans_dist_core_pipelined.\s1_kdist[2]' using process `$paramod$4b7811f44621306de1934956b7faac1b18231a88\kmeans_dist_core_pipelined.$proc$/home/bao/ECE410-HW4AI/project/m3/synth/v2005/kmeans_dist_core_pipelined.v:74$314'.
  created $dff cell `$procdff$1766' with positive edge clock.
Creating register for signal `$paramod$4b7811f44621306de1934956b7faac1b18231a88\kmeans_dist_core_pipelined.\s1_kdist[3]' using process `$paramod$4b7811f44621306de1934956b7faac1b18231a88\kmeans_dist_core_pipelined.$proc$/home/bao/ECE410-HW4AI/project/m3/synth/v2005/kmeans_dist_core_pipelined.v:74$314'.
  created $dff cell `$procdff$1767' with positive edge clock.
Creating register for signal `$paramod$4b7811f44621306de1934956b7faac1b18231a88\kmeans_dist_core_pipelined.\s1_kdist[4]' using process `$paramod$4b7811f44621306de1934956b7faac1b18231a88\kmeans_dist_core_pipelined.$proc$/home/bao/ECE410-HW4AI/project/m3/synth/v2005/kmeans_dist_core_pipelined.v:74$314'.
  created $dff cell `$procdff$1768' with positive edge clock.
Creating register for signal `$paramod$4b7811f44621306de1934956b7faac1b18231a88\kmeans_dist_core_pipelined.\s1_kdist[5]' using process `$paramod$4b7811f44621306de1934956b7faac1b18231a88\kmeans_dist_core_pipelined.$proc$/home/bao/ECE410-HW4AI/project/m3/synth/v2005/kmeans_dist_core_pipelined.v:74$314'.
  created $dff cell `$procdff$1769' with positive edge clock.
Creating register for signal `$paramod$4b7811f44621306de1934956b7faac1b18231a88\kmeans_dist_core_pipelined.\s1_kdist[6]' using process `$paramod$4b7811f44621306de1934956b7faac1b18231a88\kmeans_dist_core_pipelined.$proc$/home/bao/ECE410-HW4AI/project/m3/synth/v2005/kmeans_dist_core_pipelined.v:74$314'.
  created $dff cell `$procdff$1770' with positive edge clock.
Creating register for signal `$paramod$4b7811f44621306de1934956b7faac1b18231a88\kmeans_dist_core_pipelined.\s1_kdist[7]' using process `$paramod$4b7811f44621306de1934956b7faac1b18231a88\kmeans_dist_core_pipelined.$proc$/home/bao/ECE410-HW4AI/project/m3/synth/v2005/kmeans_dist_core_pipelined.v:74$314'.
  created $dff cell `$procdff$1771' with positive edge clock.
Creating register for signal `$paramod$4b7811f44621306de1934956b7faac1b18231a88\kmeans_dist_core_pipelined.\s1_kdist[8]' using process `$paramod$4b7811f44621306de1934956b7faac1b18231a88\kmeans_dist_core_pipelined.$proc$/home/bao/ECE410-HW4AI/project/m3/synth/v2005/kmeans_dist_core_pipelined.v:74$314'.
  created $dff cell `$procdff$1772' with positive edge clock.
Creating register for signal `$paramod$4b7811f44621306de1934956b7faac1b18231a88\kmeans_dist_core_pipelined.\s1_kdist[9]' using process `$paramod$4b7811f44621306de1934956b7faac1b18231a88\kmeans_dist_core_pipelined.$proc$/home/bao/ECE410-HW4AI/project/m3/synth/v2005/kmeans_dist_core_pipelined.v:74$314'.
  created $dff cell `$procdff$1773' with positive edge clock.
Creating register for signal `$paramod$4b7811f44621306de1934956b7faac1b18231a88\kmeans_dist_core_pipelined.\s1_kdist[10]' using process `$paramod$4b7811f44621306de1934956b7faac1b18231a88\kmeans_dist_core_pipelined.$proc$/home/bao/ECE410-HW4AI/project/m3/synth/v2005/kmeans_dist_core_pipelined.v:74$314'.
  created $dff cell `$procdff$1774' with positive edge clock.
Creating register for signal `$paramod$4b7811f44621306de1934956b7faac1b18231a88\kmeans_dist_core_pipelined.\s1_kdist[11]' using process `$paramod$4b7811f44621306de1934956b7faac1b18231a88\kmeans_dist_core_pipelined.$proc$/home/bao/ECE410-HW4AI/project/m3/synth/v2005/kmeans_dist_core_pipelined.v:74$314'.
  created $dff cell `$procdff$1775' with positive edge clock.
Creating register for signal `$paramod$4b7811f44621306de1934956b7faac1b18231a88\kmeans_dist_core_pipelined.\s1_kdist[12]' using process `$paramod$4b7811f44621306de1934956b7faac1b18231a88\kmeans_dist_core_pipelined.$proc$/home/bao/ECE410-HW4AI/project/m3/synth/v2005/kmeans_dist_core_pipelined.v:74$314'.
  created $dff cell `$procdff$1776' with positive edge clock.
Creating register for signal `$paramod$4b7811f44621306de1934956b7faac1b18231a88\kmeans_dist_core_pipelined.\s1_kdist[13]' using process `$paramod$4b7811f44621306de1934956b7faac1b18231a88\kmeans_dist_core_pipelined.$proc$/home/bao/ECE410-HW4AI/project/m3/synth/v2005/kmeans_dist_core_pipelined.v:74$314'.
  created $dff cell `$procdff$1777' with positive edge clock.
Creating register for signal `$paramod$4b7811f44621306de1934956b7faac1b18231a88\kmeans_dist_core_pipelined.\s1_kdist[14]' using process `$paramod$4b7811f44621306de1934956b7faac1b18231a88\kmeans_dist_core_pipelined.$proc$/home/bao/ECE410-HW4AI/project/m3/synth/v2005/kmeans_dist_core_pipelined.v:74$314'.
  created $dff cell `$procdff$1778' with positive edge clock.
Creating register for signal `$paramod$4b7811f44621306de1934956b7faac1b18231a88\kmeans_dist_core_pipelined.\s1_kdist[15]' using process `$paramod$4b7811f44621306de1934956b7faac1b18231a88\kmeans_dist_core_pipelined.$proc$/home/bao/ECE410-HW4AI/project/m3/synth/v2005/kmeans_dist_core_pipelined.v:74$314'.
  created $dff cell `$procdff$1779' with positive edge clock.

19. Executing PROC_MEMWR pass (convert process memory writes to cells).

20. Executing PROC_CLEAN pass (remove empty switches from decision trees).
Found and cleaned up 4 empty switches in `$paramod$8649f25cd3d7de109d0031f9c169b3c16bec957e\axil_slave_int.$proc$/home/bao/ECE410-HW4AI/project/m3/synth/v2005/axil_slave_int.v:236$69'.
Removing empty process `$paramod$8649f25cd3d7de109d0031f9c169b3c16bec957e\axil_slave_int.$proc$/home/bao/ECE410-HW4AI/project/m3/synth/v2005/axil_slave_int.v:236$69'.
Found and cleaned up 9 empty switches in `$paramod$8649f25cd3d7de109d0031f9c169b3c16bec957e\axil_slave_int.$proc$/home/bao/ECE410-HW4AI/project/m3/synth/v2005/axil_slave_int.v:148$61'.
Removing empty process `$paramod$8649f25cd3d7de109d0031f9c169b3c16bec957e\axil_slave_int.$proc$/home/bao/ECE410-HW4AI/project/m3/synth/v2005/axil_slave_int.v:148$61'.
Found and cleaned up 2 empty switches in `$paramod$8649f25cd3d7de109d0031f9c169b3c16bec957e\axil_slave_int.$proc$/home/bao/ECE410-HW4AI/project/m3/synth/v2005/axil_slave_int.v:100$16'.
Removing empty process `$paramod$8649f25cd3d7de109d0031f9c169b3c16bec957e\axil_slave_int.$proc$/home/bao/ECE410-HW4AI/project/m3/synth/v2005/axil_slave_int.v:100$16'.
Found and cleaned up 2 empty switches in `$paramod$8649f25cd3d7de109d0031f9c169b3c16bec957e\axil_slave_int.$proc$/home/bao/ECE410-HW4AI/project/m3/synth/v2005/axil_slave_int.v:93$14'.
Removing empty process `$paramod$8649f25cd3d7de109d0031f9c169b3c16bec957e\axil_slave_int.$proc$/home/bao/ECE410-HW4AI/project/m3/synth/v2005/axil_slave_int.v:93$14'.
Found and cleaned up 1 empty switch in `$paramod$4b7811f44621306de1934956b7faac1b18231a88\kmeans_dist_core_pipelined.$proc$/home/bao/ECE410-HW4AI/project/m3/synth/v2005/kmeans_dist_core_pipelined.v:159$335'.
Removing empty process `$paramod$4b7811f44621306de1934956b7faac1b18231a88\kmeans_dist_core_pipelined.$proc$/home/bao/ECE410-HW4AI/project/m3/synth/v2005/kmeans_dist_core_pipelined.v:159$335'.
Found and cleaned up 3 empty switches in `$paramod$4b7811f44621306de1934956b7faac1b18231a88\kmeans_dist_core_pipelined.$proc$/home/bao/ECE410-HW4AI/project/m3/synth/v2005/kmeans_dist_core_pipelined.v:147$331'.
Removing empty process `$paramod$4b7811f44621306de1934956b7faac1b18231a88\kmeans_dist_core_pipelined.$proc$/home/bao/ECE410-HW4AI/project/m3/synth/v2005/kmeans_dist_core_pipelined.v:147$331'.
Found and cleaned up 1 empty switch in `$paramod$4b7811f44621306de1934956b7faac1b18231a88\kmeans_dist_core_pipelined.$proc$/home/bao/ECE410-HW4AI/project/m3/synth/v2005/kmeans_dist_core_pipelined.v:123$329'.
Removing empty process `$paramod$4b7811f44621306de1934956b7faac1b18231a88\kmeans_dist_core_pipelined.$proc$/home/bao/ECE410-HW4AI/project/m3/synth/v2005/kmeans_dist_core_pipelined.v:123$329'.
Found and cleaned up 12 empty switches in `$paramod$4b7811f44621306de1934956b7faac1b18231a88\kmeans_dist_core_pipelined.$proc$/home/bao/ECE410-HW4AI/project/m3/synth/v2005/kmeans_dist_core_pipelined.v:95$316'.
Removing empty process `$paramod$4b7811f44621306de1934956b7faac1b18231a88\kmeans_dist_core_pipelined.$proc$/home/bao/ECE410-HW4AI/project/m3/synth/v2005/kmeans_dist_core_pipelined.v:95$316'.
Found and cleaned up 1 empty switch in `$paramod$4b7811f44621306de1934956b7faac1b18231a88\kmeans_dist_core_pipelined.$proc$/home/bao/ECE410-HW4AI/project/m3/synth/v2005/kmeans_dist_core_pipelined.v:74$314'.
Removing empty process `$paramod$4b7811f44621306de1934956b7faac1b18231a88\kmeans_dist_core_pipelined.$proc$/home/bao/ECE410-HW4AI/project/m3/synth/v2005/kmeans_dist_core_pipelined.v:74$314'.
Found and cleaned up 48 empty switches in `$paramod$4b7811f44621306de1934956b7faac1b18231a88\kmeans_dist_core_pipelined.$proc$/home/bao/ECE410-HW4AI/project/m3/synth/v2005/kmeans_dist_core_pipelined.v:48$73'.
Removing empty process `$paramod$4b7811f44621306de1934956b7faac1b18231a88\kmeans_dist_core_pipelined.$proc$/home/bao/ECE410-HW4AI/project/m3/synth/v2005/kmeans_dist_core_pipelined.v:48$73'.
Cleaned up 83 empty switches.

21. Executing CHECK pass (checking for obvious problems).
Checking module top...
Checking module $paramod$8649f25cd3d7de109d0031f9c169b3c16bec957e\axil_slave_int...
Checking module $paramod$4b7811f44621306de1934956b7faac1b18231a88\kmeans_dist_core_pipelined...
Warning: Drivers conflicting with a constant 1'0 driver:
    port Q[0] of cell $procdff$1762 ($dff)
    port Q[1] of cell $procdff$1762 ($dff)
    port Q[2] of cell $procdff$1762 ($dff)
    port Q[3] of cell $procdff$1762 ($dff)
    port Q[5] of cell $procdff$1762 ($dff)
    port Q[6] of cell $procdff$1762 ($dff)
    port Q[7] of cell $procdff$1762 ($dff)
    port Q[8] of cell $procdff$1762 ($dff)
    port Q[9] of cell $procdff$1762 ($dff)
    port Q[10] of cell $procdff$1762 ($dff)
    port Q[11] of cell $procdff$1762 ($dff)
    port Q[12] of cell $procdff$1762 ($dff)
    port Q[13] of cell $procdff$1762 ($dff)
    port Q[14] of cell $procdff$1762 ($dff)
    port Q[15] of cell $procdff$1762 ($dff)
    port Q[16] of cell $procdff$1762 ($dff)
    port Q[17] of cell $procdff$1762 ($dff)
    port Q[18] of cell $procdff$1762 ($dff)
    port Q[19] of cell $procdff$1762 ($dff)
    port Q[20] of cell $procdff$1762 ($dff)
    port Q[21] of cell $procdff$1762 ($dff)
    port Q[22] of cell $procdff$1762 ($dff)
    port Q[23] of cell $procdff$1762 ($dff)
    port Q[24] of cell $procdff$1762 ($dff)
    port Q[25] of cell $procdff$1762 ($dff)
    port Q[26] of cell $procdff$1762 ($dff)
    port Q[27] of cell $procdff$1762 ($dff)
    port Q[28] of cell $procdff$1762 ($dff)
    port Q[29] of cell $procdff$1762 ($dff)
    port Q[30] of cell $procdff$1762 ($dff)
    port Q[31] of cell $procdff$1762 ($dff)
    port Q[0] of cell $procdff$1752 ($dff)
    port Q[1] of cell $procdff$1752 ($dff)
    port Q[3] of cell $procdff$1752 ($dff)
    port Q[4] of cell $procdff$1752 ($dff)
    port Q[5] of cell $procdff$1752 ($dff)
    port Q[6] of cell $procdff$1752 ($dff)
    port Q[7] of cell $procdff$1752 ($dff)
    port Q[8] of cell $procdff$1752 ($dff)
    port Q[9] of cell $procdff$1752 ($dff)
    port Q[10] of cell $procdff$1752 ($dff)
    port Q[11] of cell $procdff$1752 ($dff)
    port Q[12] of cell $procdff$1752 ($dff)
    port Q[13] of cell $procdff$1752 ($dff)
    port Q[14] of cell $procdff$1752 ($dff)
    port Q[15] of cell $procdff$1752 ($dff)
    port Q[16] of cell $procdff$1752 ($dff)
    port Q[17] of cell $procdff$1752 ($dff)
    port Q[18] of cell $procdff$1752 ($dff)
    port Q[19] of cell $procdff$1752 ($dff)
    port Q[20] of cell $procdff$1752 ($dff)
    port Q[21] of cell $procdff$1752 ($dff)
    port Q[22] of cell $procdff$1752 ($dff)
    port Q[23] of cell $procdff$1752 ($dff)
    port Q[24] of cell $procdff$1752 ($dff)
    port Q[25] of cell $procdff$1752 ($dff)
    port Q[26] of cell $procdff$1752 ($dff)
    port Q[27] of cell $procdff$1752 ($dff)
    port Q[28] of cell $procdff$1752 ($dff)
    port Q[29] of cell $procdff$1752 ($dff)
    port Q[30] of cell $procdff$1752 ($dff)
    port Q[31] of cell $procdff$1752 ($dff)
Warning: Drivers conflicting with a constant 1'1 driver:
    port Q[4] of cell $procdff$1762 ($dff)
    port Q[2] of cell $procdff$1752 ($dff)
Found and reported 2 problems.

22. Executing OPT_EXPR pass (perform const folding).
Optimizing module top.
Optimizing module $paramod$8649f25cd3d7de109d0031f9c169b3c16bec957e\axil_slave_int.
<suppressed ~153 debug messages>
Optimizing module $paramod$4b7811f44621306de1934956b7faac1b18231a88\kmeans_dist_core_pipelined.
<suppressed ~45 debug messages>

23. Executing FLATTEN pass (flatten design).
Deleting now unused module $paramod$8649f25cd3d7de109d0031f9c169b3c16bec957e\axil_slave_int.
Deleting now unused module $paramod$4b7811f44621306de1934956b7faac1b18231a88\kmeans_dist_core_pipelined.
<suppressed ~2 debug messages>

24. Executing OPT_EXPR pass (perform const folding).
Optimizing module top.

25. Executing OPT_CLEAN pass (remove unused cells and wires).
Finding unused cells or wires in module \top..
Removed 78 unused cells and 718 unused wires.
<suppressed ~96 debug messages>

26. Executing OPT_EXPR pass (perform const folding).
Optimizing module top.

27. Executing OPT_MERGE pass (detect identical cells).
Finding identical cells in module `\top'.
<suppressed ~213 debug messages>
Removed a total of 71 cells.

28. Executing OPT_MUXTREE pass (detect dead branches in mux trees).
Running muxtree optimizer on module \top..
  Creating internal representation of mux trees.
  Evaluating internal representation of mux trees.
      Replacing known input bits on port A of cell $flatten\u_axil.$procmux$339: \u_axil.rd_state -> 1'0
      Replacing known input bits on port A of cell $flatten\u_axil.$procmux$337: \u_axil.rd_state -> 1'1
      Replacing known input bits on port A of cell $flatten\u_axil.$procmux$341: \u_axil.rd_state -> 1'0
  Analyzing evaluation results.
Removed 0 multiplexer ports.
<suppressed ~154 debug messages>

29. Executing OPT_REDUCE pass (consolidate $*mux and $reduce_* inputs).
  Optimizing cells in module \top.
Performed a total of 0 changes.

30. Executing OPT_MERGE pass (detect identical cells).
Finding identical cells in module `\top'.
Removed a total of 0 cells.

31. Executing OPT_DFF pass (perform DFF optimizations).

32. Executing OPT_CLEAN pass (remove unused cells and wires).
Finding unused cells or wires in module \top..
Removed 0 unused cells and 71 unused wires.
<suppressed ~1 debug messages>

33. Executing OPT_EXPR pass (perform const folding).
Optimizing module top.

34. Rerunning OPT passes. (Maybe there is more to do…)

35. Executing OPT_MUXTREE pass (detect dead branches in mux trees).
Running muxtree optimizer on module \top..
  Creating internal representation of mux trees.
  Evaluating internal representation of mux trees.
  Analyzing evaluation results.
Removed 0 multiplexer ports.
<suppressed ~154 debug messages>

36. Executing OPT_REDUCE pass (consolidate $*mux and $reduce_* inputs).
  Optimizing cells in module \top.
Performed a total of 0 changes.

37. Executing OPT_MERGE pass (detect identical cells).
Finding identical cells in module `\top'.
Removed a total of 0 cells.

38. Executing OPT_DFF pass (perform DFF optimizations).

39. Executing OPT_CLEAN pass (remove unused cells and wires).
Finding unused cells or wires in module \top..

40. Executing OPT_EXPR pass (perform const folding).
Optimizing module top.

41. Executing FSM pass (extract and optimize FSM).

41.1. Executing FSM_DETECT pass (finding FSMs in design).
Not marking top.u_axil.bresp as FSM state register:
    Register is connected to module port.
    Users of register don't seem to benefit from recoding.
Not marking top.u_axil.rresp as FSM state register:
    Register is connected to module port.
    Users of register don't seem to benefit from recoding.
Not marking top.u_axil.u_core.s2_l[0] as FSM state register:
    Users of register don't seem to benefit from recoding.
Not marking top.u_axil.u_core.s2_l[1] as FSM state register:
    Users of register don't seem to benefit from recoding.
Not marking top.u_axil.u_core.s2_l[2] as FSM state register:
    Users of register don't seem to benefit from recoding.
Not marking top.u_axil.u_core.s2_l[3] as FSM state register:
    Users of register don't seem to benefit from recoding.
Found FSM state register top.u_axil.wr_state.

41.2. Executing FSM_EXTRACT pass (extracting FSM from design).
Extracting FSM `\u_axil.wr_state' from module `\top'.
  found $adff cell for state register: $flatten\u_axil.$procdff$1468
  root of input selection tree: $flatten\u_axil.$0\wr_state[1:0]
  found reset state: 2'00 (from async reset)
  found ctrl input: $flatten\u_axil.$procmux$1012_CMP
  found ctrl input: $flatten\u_axil.$eq$/home/bao/ECE410-HW4AI/project/m3/synth/v2005/axil_slave_int.v:122$32_Y
  found ctrl input: $flatten\u_axil.$eq$/home/bao/ECE410-HW4AI/project/m3/synth/v2005/axil_slave_int.v:120$26_Y
  found ctrl input: $flatten\u_axil.$eq$/home/bao/ECE410-HW4AI/project/m3/synth/v2005/axil_slave_int.v:117$18_Y
  found ctrl input: $flatten\u_axil.$logic_and$/home/bao/ECE410-HW4AI/project/m3/synth/v2005/axil_slave_int.v:220$68_Y
  found ctrl input: \awvalid
  found state code: 2'11
  found ctrl input: \wvalid
  found ctrl input: $flatten\u_axil.$logic_and$/home/bao/ECE410-HW4AI/project/m3/synth/v2005/axil_slave_int.v:187$65_Y
  found ctrl input: $flatten\u_axil.$logic_and$/home/bao/ECE410-HW4AI/project/m3/synth/v2005/axil_slave_int.v:187$63_Y
  found ctrl input: $flatten\u_axil.$logic_and$/home/bao/ECE410-HW4AI/project/m3/synth/v2005/axil_slave_int.v:197$67_Y
  found state code: 2'10
  found state code: 2'01
  found ctrl output: $flatten\u_axil.$procmux$1012_CMP
  found ctrl output: $flatten\u_axil.$eq$/home/bao/ECE410-HW4AI/project/m3/synth/v2005/axil_slave_int.v:122$32_Y
  found ctrl output: $flatten\u_axil.$eq$/home/bao/ECE410-HW4AI/project/m3/synth/v2005/axil_slave_int.v:120$26_Y
  found ctrl output: $flatten\u_axil.$eq$/home/bao/ECE410-HW4AI/project/m3/synth/v2005/axil_slave_int.v:117$18_Y
  ctrl inputs: { $flatten\u_axil.$logic_and$/home/bao/ECE410-HW4AI/project/m3/synth/v2005/axil_slave_int.v:187$63_Y $flatten\u_axil.$logic_and$/home/bao/ECE410-HW4AI/project/m3/synth/v2005/axil_slave_int.v:187$65_Y $flatten\u_axil.$logic_and$/home/bao/ECE410-HW4AI/project/m3/synth/v2005/axil_slave_int.v:197$67_Y $flatten\u_axil.$logic_and$/home/bao/ECE410-HW4AI/project/m3/synth/v2005/axil_slave_int.v:220$68_Y \wvalid \awvalid }
  ctrl outputs: { $flatten\u_axil.$eq$/home/bao/ECE410-HW4AI/project/m3/synth/v2005/axil_slave_int.v:117$18_Y $flatten\u_axil.$eq$/home/bao/ECE410-HW4AI/project/m3/synth/v2005/axil_slave_int.v:120$26_Y $flatten\u_axil.$eq$/home/bao/ECE410-HW4AI/project/m3/synth/v2005/axil_slave_int.v:122$32_Y $flatten\u_axil.$0\wr_state[1:0] $flatten\u_axil.$procmux$1012_CMP }
  transition:       2'00 6'000--- ->       2'00 6'100000
  transition:       2'00 6'001--- ->       2'10 6'100100
  transition:       2'00 6'10---- ->       2'01 6'100010
  transition:       2'00 6'-1---- ->       2'11 6'100110
  transition:       2'10 6'-----0 ->       2'10 6'001100
  transition:       2'10 6'-----1 ->       2'11 6'001110
  transition:       2'01 6'----0- ->       2'01 6'010010
  transition:       2'01 6'----1- ->       2'11 6'010110
  transition:       2'11 6'---0-- ->       2'11 6'000111
  transition:       2'11 6'---1-- ->       2'00 6'000001

41.3. Executing FSM_OPT pass (simple optimizations of FSMs).
Optimizing FSM `$fsm$\u_axil.wr_state$1782' from module `\top'.

41.4. Executing OPT_CLEAN pass (remove unused cells and wires).
Finding unused cells or wires in module \top..
Removed 12 unused cells and 12 unused wires.
<suppressed ~13 debug messages>

41.5. Executing FSM_OPT pass (simple optimizations of FSMs).
Optimizing FSM `$fsm$\u_axil.wr_state$1782' from module `\top'.
  Removing unused output signal $flatten\u_axil.$0\wr_state[1:0] [0].
  Removing unused output signal $flatten\u_axil.$0\wr_state[1:0] [1].

41.6. Executing FSM_RECODE pass (re-assigning FSM state encoding).
Recoding FSM `$fsm$\u_axil.wr_state$1782' from module `\top' using `auto' encoding:
  mapping auto encoding to `one-hot` for this FSM.
  00 -> ---1
  10 -> --1-
  01 -> -1--
  11 -> 1---

41.7. Executing FSM_INFO pass (dumping all available information on FSM cells).

FSM `$fsm$\u_axil.wr_state$1782' from module `top':
-------------------------------------

  Information on FSM $fsm$\u_axil.wr_state$1782 (\u_axil.wr_state):

  Number of input signals:    6
  Number of output signals:   4
  Number of state bits:       4

  Input signals:
    0: \awvalid
    1: \wvalid
    2: $flatten\u_axil.$logic_and$/home/bao/ECE410-HW4AI/project/m3/synth/v2005/axil_slave_int.v:220$68_Y
    3: $flatten\u_axil.$logic_and$/home/bao/ECE410-HW4AI/project/m3/synth/v2005/axil_slave_int.v:197$67_Y
    4: $flatten\u_axil.$logic_and$/home/bao/ECE410-HW4AI/project/m3/synth/v2005/axil_slave_int.v:187$65_Y
    5: $flatten\u_axil.$logic_and$/home/bao/ECE410-HW4AI/project/m3/synth/v2005/axil_slave_int.v:187$63_Y

  Output signals:
    0: $flatten\u_axil.$procmux$1012_CMP
    1: $flatten\u_axil.$eq$/home/bao/ECE410-HW4AI/project/m3/synth/v2005/axil_slave_int.v:122$32_Y
    2: $flatten\u_axil.$eq$/home/bao/ECE410-HW4AI/project/m3/synth/v2005/axil_slave_int.v:120$26_Y
    3: $flatten\u_axil.$eq$/home/bao/ECE410-HW4AI/project/m3/synth/v2005/axil_slave_int.v:117$18_Y

  State encoding:
    0:     4'---1  <RESET STATE>
    1:     4'--1-
    2:     4'-1--
    3:     4'1---

  Transition Table (state_in, ctrl_in, state_out, ctrl_out):
      0:     0 6'000---   ->     0 4'1000
      1:     0 6'001---   ->     1 4'1000
      2:     0 6'10----   ->     2 4'1000
      3:     0 6'-1----   ->     3 4'1000
      4:     1 6'-----0   ->     1 4'0010
      5:     1 6'-----1   ->     3 4'0010
      6:     2 6'----0-   ->     2 4'0100
      7:     2 6'----1-   ->     3 4'0100
      8:     3 6'---1--   ->     0 4'0001
      9:     3 6'---0--   ->     3 4'0001

-------------------------------------

41.8. Executing FSM_MAP pass (mapping FSMs to basic logic).
Mapping FSM `$fsm$\u_axil.wr_state$1782' from module `\top'.

42. Executing OPT_EXPR pass (perform const folding).
Optimizing module top.
<suppressed ~8 debug messages>

43. Executing OPT_MERGE pass (detect identical cells).
Finding identical cells in module `\top'.
Removed a total of 0 cells.

44. Executing OPT_MUXTREE pass (detect dead branches in mux trees).
Running muxtree optimizer on module \top..
  Creating internal representation of mux trees.
  Evaluating internal representation of mux trees.
  Analyzing evaluation results.
Removed 0 multiplexer ports.
<suppressed ~153 debug messages>

45. Executing OPT_REDUCE pass (consolidate $*mux and $reduce_* inputs).
  Optimizing cells in module \top.
Performed a total of 0 changes.

46. Executing OPT_MERGE pass (detect identical cells).
Finding identical cells in module `\top'.
Removed a total of 0 cells.

47. Executing OPT_DFF pass (perform DFF optimizations).
Adding SRST signal on $flatten\u_axil.\u_core.$procdff$1779 ($dff) from module top (D = \u_axil.u_core.kdist_c[15], Q = \u_axil.u_core.s1_kdist[15], rval = 18'000000000000000000).
Adding SRST signal on $flatten\u_axil.\u_core.$procdff$1778 ($dff) from module top (D = \u_axil.u_core.kdist_c[14], Q = \u_axil.u_core.s1_kdist[14], rval = 18'000000000000000000).
Adding SRST signal on $flatten\u_axil.\u_core.$procdff$1777 ($dff) from module top (D = \u_axil.u_core.kdist_c[13], Q = \u_axil.u_core.s1_kdist[13], rval = 18'000000000000000000).
Adding SRST signal on $flatten\u_axil.\u_core.$procdff$1776 ($dff) from module top (D = \u_axil.u_core.kdist_c[12], Q = \u_axil.u_core.s1_kdist[12], rval = 18'000000000000000000).
Adding SRST signal on $flatten\u_axil.\u_core.$procdff$1775 ($dff) from module top (D = \u_axil.u_core.kdist_c[11], Q = \u_axil.u_core.s1_kdist[11], rval = 18'000000000000000000).
Adding SRST signal on $flatten\u_axil.\u_core.$procdff$1774 ($dff) from module top (D = \u_axil.u_core.kdist_c[10], Q = \u_axil.u_core.s1_kdist[10], rval = 18'000000000000000000).
Adding SRST signal on $flatten\u_axil.\u_core.$procdff$1773 ($dff) from module top (D = \u_axil.u_core.kdist_c[9], Q = \u_axil.u_core.s1_kdist[9], rval = 18'000000000000000000).
Adding SRST signal on $flatten\u_axil.\u_core.$procdff$1772 ($dff) from module top (D = \u_axil.u_core.kdist_c[8], Q = \u_axil.u_core.s1_kdist[8], rval = 18'000000000000000000).
Adding SRST signal on $flatten\u_axil.\u_core.$procdff$1771 ($dff) from module top (D = \u_axil.u_core.kdist_c[7], Q = \u_axil.u_core.s1_kdist[7], rval = 18'000000000000000000).
Adding SRST signal on $flatten\u_axil.\u_core.$procdff$1770 ($dff) from module top (D = \u_axil.u_core.kdist_c[6], Q = \u_axil.u_core.s1_kdist[6], rval = 18'000000000000000000).
Adding SRST signal on $flatten\u_axil.\u_core.$procdff$1769 ($dff) from module top (D = \u_axil.u_core.kdist_c[5], Q = \u_axil.u_core.s1_kdist[5], rval = 18'000000000000000000).
Adding SRST signal on $flatten\u_axil.\u_core.$procdff$1768 ($dff) from module top (D = \u_axil.u_core.kdist_c[4], Q = \u_axil.u_core.s1_kdist[4], rval = 18'000000000000000000).
Adding SRST signal on $flatten\u_axil.\u_core.$procdff$1767 ($dff) from module top (D = \u_axil.u_core.kdist_c[3], Q = \u_axil.u_core.s1_kdist[3], rval = 18'000000000000000000).
Adding SRST signal on $flatten\u_axil.\u_core.$procdff$1766 ($dff) from module top (D = \u_axil.u_core.kdist_c[2], Q = \u_axil.u_core.s1_kdist[2], rval = 18'000000000000000000).
Adding SRST signal on $flatten\u_axil.\u_core.$procdff$1765 ($dff) from module top (D = \u_axil.u_core.kdist_c[1], Q = \u_axil.u_core.s1_kdist[1], rval = 18'000000000000000000).
Adding SRST signal on $flatten\u_axil.\u_core.$procdff$1764 ($dff) from module top (D = \u_axil.u_core.kdist_c[0], Q = \u_axil.u_core.s1_kdist[0], rval = 18'000000000000000000).
Adding SRST signal on $flatten\u_axil.\u_core.$procdff$1763 ($dff) from module top (D = \u_axil.u_core.start, Q = \u_axil.u_core.s1_valid, rval = 1'0).
Adding SRST signal on $flatten\u_axil.\u_core.$procdff$1761 ($dff) from module top (D = \u_axil.u_core.s2_l_c[3], Q = \u_axil.u_core.s2_l[3], rval = 4'0000).
Adding SRST signal on $flatten\u_axil.\u_core.$procdff$1760 ($dff) from module top (D = \u_axil.u_core.s2_l_c[2], Q = \u_axil.u_core.s2_l[2], rval = 4'0000).
Adding SRST signal on $flatten\u_axil.\u_core.$procdff$1759 ($dff) from module top (D = \u_axil.u_core.s2_l_c[1], Q = \u_axil.u_core.s2_l[1], rval = 4'0000).
Adding SRST signal on $flatten\u_axil.\u_core.$procdff$1758 ($dff) from module top (D = \u_axil.u_core.s2_l_c[0], Q = \u_axil.u_core.s2_l[0], rval = 4'0000).
Adding SRST signal on $flatten\u_axil.\u_core.$procdff$1757 ($dff) from module top (D = \u_axil.u_core.s2_d_c[3], Q = \u_axil.u_core.s2_d[3], rval = 18'000000000000000000).
Adding SRST signal on $flatten\u_axil.\u_core.$procdff$1756 ($dff) from module top (D = \u_axil.u_core.s2_d_c[2], Q = \u_axil.u_core.s2_d[2], rval = 18'000000000000000000).
Adding SRST signal on $flatten\u_axil.\u_core.$procdff$1755 ($dff) from module top (D = \u_axil.u_core.s2_d_c[1], Q = \u_axil.u_core.s2_d[1], rval = 18'000000000000000000).
Adding SRST signal on $flatten\u_axil.\u_core.$procdff$1754 ($dff) from module top (D = \u_axil.u_core.s2_d_c[0], Q = \u_axil.u_core.s2_d[0], rval = 18'000000000000000000).
Adding SRST signal on $flatten\u_axil.\u_core.$procdff$1753 ($dff) from module top (D = \u_axil.u_core.s1_valid, Q = \u_axil.u_core.s2_valid, rval = 1'0).
Adding SRST signal on $flatten\u_axil.\u_core.$procdff$1751 ($dff) from module top (D = \u_axil.u_core.s3_l_c, Q = \u_axil.u_core.label, rval = 4'0000).
Adding SRST signal on $flatten\u_axil.\u_core.$procdff$1750 ($dff) from module top (D = \u_axil.u_core.s3_d_c, Q = \u_axil.u_core.min_dist, rval = 18'000000000000000000).
Adding SRST signal on $flatten\u_axil.\u_core.$procdff$1749 ($dff) from module top (D = \u_axil.u_core.s2_valid, Q = \u_axil.u_core.done, rval = 1'0).
Adding EN signal on $flatten\u_axil.$procdff$1748 ($adff) from module top (D = $flatten\u_axil.$0\status_done[0:0], Q = \u_axil.status_done).
Adding EN signal on $flatten\u_axil.$procdff$1743 ($adff) from module top (D = $flatten\u_axil.$0\busy[0:0], Q = \u_axil.busy).
Adding EN signal on $flatten\u_axil.$procdff$1738 ($adff) from module top (D = \u_axil.wr_data [7:0], Q = \u_axil.reg_centroids[47]).
Adding EN signal on $flatten\u_axil.$procdff$1733 ($adff) from module top (D = \u_axil.wr_data [15:8], Q = \u_axil.reg_centroids[46]).
Adding EN signal on $flatten\u_axil.$procdff$1728 ($adff) from module top (D = \u_axil.wr_data [23:16], Q = \u_axil.reg_centroids[45]).
Adding EN signal on $flatten\u_axil.$procdff$1723 ($adff) from module top (D = \u_axil.wr_data [7:0], Q = \u_axil.reg_centroids[44]).
Adding EN signal on $flatten\u_axil.$procdff$1718 ($adff) from module top (D = \u_axil.wr_data [15:8], Q = \u_axil.reg_centroids[43]).
Adding EN signal on $flatten\u_axil.$procdff$1713 ($adff) from module top (D = \u_axil.wr_data [23:16], Q = \u_axil.reg_centroids[42]).
Adding EN signal on $flatten\u_axil.$procdff$1708 ($adff) from module top (D = \u_axil.wr_data [7:0], Q = \u_axil.reg_centroids[41]).
Adding EN signal on $flatten\u_axil.$procdff$1703 ($adff) from module top (D = \u_axil.wr_data [15:8], Q = \u_axil.reg_centroids[40]).
Adding EN signal on $flatten\u_axil.$procdff$1698 ($adff) from module top (D = \u_axil.wr_data [23:16], Q = \u_axil.reg_centroids[39]).
Adding EN signal on $flatten\u_axil.$procdff$1693 ($adff) from module top (D = \u_axil.wr_data [7:0], Q = \u_axil.reg_centroids[38]).
Adding EN signal on $flatten\u_axil.$procdff$1688 ($adff) from module top (D = \u_axil.wr_data [15:8], Q = \u_axil.reg_centroids[37]).
Adding EN signal on $flatten\u_axil.$procdff$1683 ($adff) from module top (D = \u_axil.wr_data [23:16], Q = \u_axil.reg_centroids[36]).
Adding EN signal on $flatten\u_axil.$procdff$1678 ($adff) from module top (D = \u_axil.wr_data [7:0], Q = \u_axil.reg_centroids[35]).
Adding EN signal on $flatten\u_axil.$procdff$1673 ($adff) from module top (D = \u_axil.wr_data [15:8], Q = \u_axil.reg_centroids[34]).
Adding EN signal on $flatten\u_axil.$procdff$1668 ($adff) from module top (D = \u_axil.wr_data [23:16], Q = \u_axil.reg_centroids[33]).
Adding EN signal on $flatten\u_axil.$procdff$1663 ($adff) from module top (D = \u_axil.wr_data [7:0], Q = \u_axil.reg_centroids[32]).
Adding EN signal on $flatten\u_axil.$procdff$1658 ($adff) from module top (D = \u_axil.wr_data [15:8], Q = \u_axil.reg_centroids[31]).
Adding EN signal on $flatten\u_axil.$procdff$1653 ($adff) from module top (D = \u_axil.wr_data [23:16], Q = \u_axil.reg_centroids[30]).
Adding EN signal on $flatten\u_axil.$procdff$1648 ($adff) from module top (D = \u_axil.wr_data [7:0], Q = \u_axil.reg_centroids[29]).
Adding EN signal on $flatten\u_axil.$procdff$1643 ($adff) from module top (D = \u_axil.wr_data [15:8], Q = \u_axil.reg_centroids[28]).
Adding EN signal on $flatten\u_axil.$procdff$1638 ($adff) from module top (D = \u_axil.wr_data [23:16], Q = \u_axil.reg_centroids[27]).
Adding EN signal on $flatten\u_axil.$procdff$1633 ($adff) from module top (D = \u_axil.wr_data [7:0], Q = \u_axil.reg_centroids[26]).
Adding EN signal on $flatten\u_axil.$procdff$1628 ($adff) from module top (D = \u_axil.wr_data [15:8], Q = \u_axil.reg_centroids[25]).
Adding EN signal on $flatten\u_axil.$procdff$1623 ($adff) from module top (D = \u_axil.wr_data [23:16], Q = \u_axil.reg_centroids[24]).
Adding EN signal on $flatten\u_axil.$procdff$1618 ($adff) from module top (D = \u_axil.wr_data [7:0], Q = \u_axil.reg_centroids[23]).
Adding EN signal on $flatten\u_axil.$procdff$1613 ($adff) from module top (D = \u_axil.wr_data [15:8], Q = \u_axil.reg_centroids[22]).
Adding EN signal on $flatten\u_axil.$procdff$1608 ($adff) from module top (D = \u_axil.wr_data [23:16], Q = \u_axil.reg_centroids[21]).
Adding EN signal on $flatten\u_axil.$procdff$1603 ($adff) from module top (D = \u_axil.wr_data [7:0], Q = \u_axil.reg_centroids[20]).
Adding EN signal on $flatten\u_axil.$procdff$1598 ($adff) from module top (D = \u_axil.wr_data [15:8], Q = \u_axil.reg_centroids[19]).
Adding EN signal on $flatten\u_axil.$procdff$1593 ($adff) from module top (D = \u_axil.wr_data [23:16], Q = \u_axil.reg_centroids[18]).
Adding EN signal on $flatten\u_axil.$procdff$1588 ($adff) from module top (D = \u_axil.wr_data [7:0], Q = \u_axil.reg_centroids[17]).
Adding EN signal on $flatten\u_axil.$procdff$1583 ($adff) from module top (D = \u_axil.wr_data [15:8], Q = \u_axil.reg_centroids[16]).
Adding EN signal on $flatten\u_axil.$procdff$1578 ($adff) from module top (D = \u_axil.wr_data [23:16], Q = \u_axil.reg_centroids[15]).
Adding EN signal on $flatten\u_axil.$procdff$1573 ($adff) from module top (D = \u_axil.wr_data [7:0], Q = \u_axil.reg_centroids[14]).
Adding EN signal on $flatten\u_axil.$procdff$1568 ($adff) from module top (D = \u_axil.wr_data [15:8], Q = \u_axil.reg_centroids[13]).
Adding EN signal on $flatten\u_axil.$procdff$1563 ($adff) from module top (D = \u_axil.wr_data [23:16], Q = \u_axil.reg_centroids[12]).
Adding EN signal on $flatten\u_axil.$procdff$1558 ($adff) from module top (D = \u_axil.wr_data [7:0], Q = \u_axil.reg_centroids[11]).
Adding EN signal on $flatten\u_axil.$procdff$1553 ($adff) from module top (D = \u_axil.wr_data [15:8], Q = \u_axil.reg_centroids[10]).
Adding EN signal on $flatten\u_axil.$procdff$1548 ($adff) from module top (D = \u_axil.wr_data [23:16], Q = \u_axil.reg_centroids[9]).
Adding EN signal on $flatten\u_axil.$procdff$1543 ($adff) from module top (D = \u_axil.wr_data [7:0], Q = \u_axil.reg_centroids[8]).
Adding EN signal on $flatten\u_axil.$procdff$1538 ($adff) from module top (D = \u_axil.wr_data [15:8], Q = \u_axil.reg_centroids[7]).
Adding EN signal on $flatten\u_axil.$procdff$1533 ($adff) from module top (D = \u_axil.wr_data [23:16], Q = \u_axil.reg_centroids[6]).
Adding EN signal on $flatten\u_axil.$procdff$1528 ($adff) from module top (D = \u_axil.wr_data [7:0], Q = \u_axil.reg_centroids[5]).
Adding EN signal on $flatten\u_axil.$procdff$1523 ($adff) from module top (D = \u_axil.wr_data [15:8], Q = \u_axil.reg_centroids[4]).
Adding EN signal on $flatten\u_axil.$procdff$1518 ($adff) from module top (D = \u_axil.wr_data [23:16], Q = \u_axil.reg_centroids[3]).
Adding EN signal on $flatten\u_axil.$procdff$1513 ($adff) from module top (D = \u_axil.wr_data [7:0], Q = \u_axil.reg_centroids[2]).
Adding EN signal on $flatten\u_axil.$procdff$1508 ($adff) from module top (D = \u_axil.wr_data [15:8], Q = \u_axil.reg_centroids[1]).
Adding EN signal on $flatten\u_axil.$procdff$1503 ($adff) from module top (D = \u_axil.wr_data [23:16], Q = \u_axil.reg_centroids[0]).
Adding EN signal on $flatten\u_axil.$procdff$1498 ($adff) from module top (D = \u_axil.wr_data [7:0], Q = \u_axil.reg_pixel[2]).
Adding EN signal on $flatten\u_axil.$procdff$1493 ($adff) from module top (D = \u_axil.wr_data [15:8], Q = \u_axil.reg_pixel[1]).
Adding EN signal on $flatten\u_axil.$procdff$1488 ($adff) from module top (D = \u_axil.wr_data [23:16], Q = \u_axil.reg_pixel[0]).
Adding EN signal on $flatten\u_axil.$procdff$1478 ($adff) from module top (D = \wdata, Q = \u_axil.wr_data_latch).
Adding EN signal on $flatten\u_axil.$procdff$1473 ($adff) from module top (D = \awaddr, Q = \u_axil.wr_addr_latch).
Adding EN signal on $flatten\u_axil.$procdff$1463 ($adff) from module top (D = $flatten\u_axil.$0\bvalid[0:0], Q = \u_axil.bvalid).
Adding EN signal on $flatten\u_axil.$procdff$1458 ($adff) from module top (D = $flatten\u_axil.$0\bresp[1:0], Q = \u_axil.bresp).
Adding EN signal on $flatten\u_axil.$procdff$1453 ($adff) from module top (D = $flatten\u_axil.$0\wready[0:0], Q = \u_axil.wready).
Adding EN signal on $flatten\u_axil.$procdff$1448 ($adff) from module top (D = $flatten\u_axil.$0\awready[0:0], Q = \u_axil.awready).
Adding EN signal on $flatten\u_axil.$procdff$1438 ($adff) from module top (D = $flatten\u_axil.$0\rvalid[0:0], Q = \u_axil.rvalid).
Adding EN signal on $flatten\u_axil.$procdff$1433 ($adff) from module top (D = 2'00, Q = \u_axil.rresp).
Adding EN signal on $flatten\u_axil.$procdff$1428 ($adff) from module top (D = $flatten\u_axil.$procmux$358_Y, Q = \u_axil.rdata).
Adding EN signal on $flatten\u_axil.$procdff$1423 ($adff) from module top (D = $flatten\u_axil.$0\arready[0:0], Q = \u_axil.arready).
Setting constant 0-bit at position 0 on $auto$ff.cc:266:slice$2093 ($adffe) from module top.
Setting constant 0-bit at position 1 on $auto$ff.cc:266:slice$2093 ($adffe) from module top.

48. Executing OPT_CLEAN pass (remove unused cells and wires).
Finding unused cells or wires in module \top..
Removed 144 unused cells and 155 unused wires.
<suppressed ~145 debug messages>

49. Executing OPT_EXPR pass (perform const folding).
Optimizing module top.
<suppressed ~10 debug messages>

50. Rerunning OPT passes. (Maybe there is more to do…)

51. Executing OPT_MUXTREE pass (detect dead branches in mux trees).
Running muxtree optimizer on module \top..
  Creating internal representation of mux trees.
  Evaluating internal representation of mux trees.
  Analyzing evaluation results.
Removed 0 multiplexer ports.
<suppressed ~80 debug messages>

52. Executing OPT_REDUCE pass (consolidate $*mux and $reduce_* inputs).
  Optimizing cells in module \top.
    New input vector for $reduce_and cell $auto$opt_dff.cc:220:make_patterns_logic$2111: { $auto$opt_dff.cc:194:make_patterns_logic$2106 $auto$opt_dff.cc:194:make_patterns_logic$2108 }
    New input vector for $reduce_and cell $auto$opt_dff.cc:220:make_patterns_logic$2092: { $auto$opt_dff.cc:194:make_patterns_logic$2087 $auto$opt_dff.cc:194:make_patterns_logic$2089 }
  Optimizing cells in module \top.
Performed a total of 2 changes.

53. Executing OPT_MERGE pass (detect identical cells).
Finding identical cells in module `\top'.
<suppressed ~144 debug messages>
Removed a total of 48 cells.

54. Executing OPT_DFF pass (perform DFF optimizations).

55. Executing OPT_CLEAN pass (remove unused cells and wires).
Finding unused cells or wires in module \top..
Removed 0 unused cells and 50 unused wires.
<suppressed ~1 debug messages>

56. Executing OPT_EXPR pass (perform const folding).
Optimizing module top.

57. Rerunning OPT passes. (Maybe there is more to do…)

58. Executing OPT_MUXTREE pass (detect dead branches in mux trees).
Running muxtree optimizer on module \top..
  Creating internal representation of mux trees.
  Evaluating internal representation of mux trees.
  Analyzing evaluation results.
Removed 0 multiplexer ports.
<suppressed ~81 debug messages>

59. Executing OPT_REDUCE pass (consolidate $*mux and $reduce_* inputs).
  Optimizing cells in module \top.
Performed a total of 0 changes.

60. Executing OPT_MERGE pass (detect identical cells).
Finding identical cells in module `\top'.
Removed a total of 0 cells.

61. Executing OPT_DFF pass (perform DFF optimizations).

62. Executing OPT_CLEAN pass (remove unused cells and wires).
Finding unused cells or wires in module \top..

63. Executing OPT_EXPR pass (perform const folding).
Optimizing module top.

64. Executing WREDUCE pass (reducing word size of cells).
Removed top 1 bits (of 2) from port B of cell top.$auto$opt_dff.cc:195:make_patterns_logic$2088 ($ne).
Removed top 10 bits (of 18) from port A of cell top.$flatten\u_axil.\u_core.$add$/home/bao/ECE410-HW4AI/project/m3/synth/v2005/kmeans_dist_core_pipelined.v:64$83 ($add).
Removed top 10 bits (of 18) from port B of cell top.$flatten\u_axil.\u_core.$add$/home/bao/ECE410-HW4AI/project/m3/synth/v2005/kmeans_dist_core_pipelined.v:64$83 ($add).
Removed top 9 bits (of 18) from port Y of cell top.$flatten\u_axil.\u_core.$add$/home/bao/ECE410-HW4AI/project/m3/synth/v2005/kmeans_dist_core_pipelined.v:64$83 ($add).
Removed top 9 bits (of 18) from port A of cell top.$flatten\u_axil.\u_core.$add$/home/bao/ECE410-HW4AI/project/m3/synth/v2005/kmeans_dist_core_pipelined.v:64$88 ($add).
Removed top 10 bits (of 18) from port B of cell top.$flatten\u_axil.\u_core.$add$/home/bao/ECE410-HW4AI/project/m3/synth/v2005/kmeans_dist_core_pipelined.v:64$88 ($add).
Removed top 8 bits (of 18) from port Y of cell top.$flatten\u_axil.\u_core.$add$/home/bao/ECE410-HW4AI/project/m3/synth/v2005/kmeans_dist_core_pipelined.v:64$88 ($add).
Removed top 10 bits (of 18) from port A of cell top.$flatten\u_axil.\u_core.$add$/home/bao/ECE410-HW4AI/project/m3/synth/v2005/kmeans_dist_core_pipelined.v:64$98 ($add).
Removed top 10 bits (of 18) from port B of cell top.$flatten\u_axil.\u_core.$add$/home/bao/ECE410-HW4AI/project/m3/synth/v2005/kmeans_dist_core_pipelined.v:64$98 ($add).
Removed top 9 bits (of 18) from port Y of cell top.$flatten\u_axil.\u_core.$add$/home/bao/ECE410-HW4AI/project/m3/synth/v2005/kmeans_dist_core_pipelined.v:64$98 ($add).
Removed top 9 bits (of 18) from port A of cell top.$flatten\u_axil.\u_core.$add$/home/bao/ECE410-HW4AI/project/m3/synth/v2005/kmeans_dist_core_pipelined.v:64$103 ($add).
Removed top 10 bits (of 18) from port B of cell top.$flatten\u_axil.\u_core.$add$/home/bao/ECE410-HW4AI/project/m3/synth/v2005/kmeans_dist_core_pipelined.v:64$103 ($add).
Removed top 8 bits (of 18) from port Y of cell top.$flatten\u_axil.\u_core.$add$/home/bao/ECE410-HW4AI/project/m3/synth/v2005/kmeans_dist_core_pipelined.v:64$103 ($add).
Removed top 10 bits (of 18) from port A of cell top.$flatten\u_axil.\u_core.$add$/home/bao/ECE410-HW4AI/project/m3/synth/v2005/kmeans_dist_core_pipelined.v:64$113 ($add).
Removed top 10 bits (of 18) from port B of cell top.$flatten\u_axil.\u_core.$add$/home/bao/ECE410-HW4AI/project/m3/synth/v2005/kmeans_dist_core_pipelined.v:64$113 ($add).
Removed top 9 bits (of 18) from port Y of cell top.$flatten\u_axil.\u_core.$add$/home/bao/ECE410-HW4AI/project/m3/synth/v2005/kmeans_dist_core_pipelined.v:64$113 ($add).
Removed top 9 bits (of 18) from port A of cell top.$flatten\u_axil.\u_core.$add$/home/bao/ECE410-HW4AI/project/m3/synth/v2005/kmeans_dist_core_pipelined.v:64$118 ($add).
Removed top 10 bits (of 18) from port B of cell top.$flatten\u_axil.\u_core.$add$/home/bao/ECE410-HW4AI/project/m3/synth/v2005/kmeans_dist_core_pipelined.v:64$118 ($add).
Removed top 8 bits (of 18) from port Y of cell top.$flatten\u_axil.\u_core.$add$/home/bao/ECE410-HW4AI/project/m3/synth/v2005/kmeans_dist_core_pipelined.v:64$118 ($add).
Removed top 10 bits (of 18) from port A of cell top.$flatten\u_axil.\u_core.$add$/home/bao/ECE410-HW4AI/project/m3/synth/v2005/kmeans_dist_core_pipelined.v:64$128 ($add).
Removed top 10 bits (of 18) from port B of cell top.$flatten\u_axil.\u_core.$add$/home/bao/ECE410-HW4AI/project/m3/synth/v2005/kmeans_dist_core_pipelined.v:64$128 ($add).
Removed top 9 bits (of 18) from port Y of cell top.$flatten\u_axil.\u_core.$add$/home/bao/ECE410-HW4AI/project/m3/synth/v2005/kmeans_dist_core_pipelined.v:64$128 ($add).
Removed top 9 bits (of 18) from port A of cell top.$flatten\u_axil.\u_core.$add$/home/bao/ECE410-HW4AI/project/m3/synth/v2005/kmeans_dist_core_pipelined.v:64$133 ($add).
Removed top 10 bits (of 18) from port B of cell top.$flatten\u_axil.\u_core.$add$/home/bao/ECE410-HW4AI/project/m3/synth/v2005/kmeans_dist_core_pipelined.v:64$133 ($add).
Removed top 8 bits (of 18) from port Y of cell top.$flatten\u_axil.\u_core.$add$/home/bao/ECE410-HW4AI/project/m3/synth/v2005/kmeans_dist_core_pipelined.v:64$133 ($add).
Removed top 10 bits (of 18) from port A of cell top.$flatten\u_axil.\u_core.$add$/home/bao/ECE410-HW4AI/project/m3/synth/v2005/kmeans_dist_core_pipelined.v:64$143 ($add).
Removed top 10 bits (of 18) from port B of cell top.$flatten\u_axil.\u_core.$add$/home/bao/ECE410-HW4AI/project/m3/synth/v2005/kmeans_dist_core_pipelined.v:64$143 ($add).
Removed top 9 bits (of 18) from port Y of cell top.$flatten\u_axil.\u_core.$add$/home/bao/ECE410-HW4AI/project/m3/synth/v2005/kmeans_dist_core_pipelined.v:64$143 ($add).
Removed top 9 bits (of 18) from port A of cell top.$flatten\u_axil.\u_core.$add$/home/bao/ECE410-HW4AI/project/m3/synth/v2005/kmeans_dist_core_pipelined.v:64$148 ($add).
Removed top 10 bits (of 18) from port B of cell top.$flatten\u_axil.\u_core.$add$/home/bao/ECE410-HW4AI/project/m3/synth/v2005/kmeans_dist_core_pipelined.v:64$148 ($add).
Removed top 8 bits (of 18) from port Y of cell top.$flatten\u_axil.\u_core.$add$/home/bao/ECE410-HW4AI/project/m3/synth/v2005/kmeans_dist_core_pipelined.v:64$148 ($add).
Removed top 10 bits (of 18) from port A of cell top.$flatten\u_axil.\u_core.$add$/home/bao/ECE410-HW4AI/project/m3/synth/v2005/kmeans_dist_core_pipelined.v:64$158 ($add).
Removed top 10 bits (of 18) from port B of cell top.$flatten\u_axil.\u_core.$add$/home/bao/ECE410-HW4AI/project/m3/synth/v2005/kmeans_dist_core_pipelined.v:64$158 ($add).
Removed top 9 bits (of 18) from port Y of cell top.$flatten\u_axil.\u_core.$add$/home/bao/ECE410-HW4AI/project/m3/synth/v2005/kmeans_dist_core_pipelined.v:64$158 ($add).
Removed top 9 bits (of 18) from port A of cell top.$flatten\u_axil.\u_core.$add$/home/bao/ECE410-HW4AI/project/m3/synth/v2005/kmeans_dist_core_pipelined.v:64$163 ($add).
Removed top 10 bits (of 18) from port B of cell top.$flatten\u_axil.\u_core.$add$/home/bao/ECE410-HW4AI/project/m3/synth/v2005/kmeans_dist_core_pipelined.v:64$163 ($add).
Removed top 8 bits (of 18) from port Y of cell top.$flatten\u_axil.\u_core.$add$/home/bao/ECE410-HW4AI/project/m3/synth/v2005/kmeans_dist_core_pipelined.v:64$163 ($add).
Removed top 10 bits (of 18) from port A of cell top.$flatten\u_axil.\u_core.$add$/home/bao/ECE410-HW4AI/project/m3/synth/v2005/kmeans_dist_core_pipelined.v:64$173 ($add).
Removed top 10 bits (of 18) from port B of cell top.$flatten\u_axil.\u_core.$add$/home/bao/ECE410-HW4AI/project/m3/synth/v2005/kmeans_dist_core_pipelined.v:64$173 ($add).
Removed top 9 bits (of 18) from port Y of cell top.$flatten\u_axil.\u_core.$add$/home/bao/ECE410-HW4AI/project/m3/synth/v2005/kmeans_dist_core_pipelined.v:64$173 ($add).
Removed top 9 bits (of 18) from port A of cell top.$flatten\u_axil.\u_core.$add$/home/bao/ECE410-HW4AI/project/m3/synth/v2005/kmeans_dist_core_pipelined.v:64$178 ($add).
Removed top 10 bits (of 18) from port B of cell top.$flatten\u_axil.\u_core.$add$/home/bao/ECE410-HW4AI/project/m3/synth/v2005/kmeans_dist_core_pipelined.v:64$178 ($add).
Removed top 8 bits (of 18) from port Y of cell top.$flatten\u_axil.\u_core.$add$/home/bao/ECE410-HW4AI/project/m3/synth/v2005/kmeans_dist_core_pipelined.v:64$178 ($add).
Removed top 10 bits (of 18) from port A of cell top.$flatten\u_axil.\u_core.$add$/home/bao/ECE410-HW4AI/project/m3/synth/v2005/kmeans_dist_core_pipelined.v:64$188 ($add).
Removed top 10 bits (of 18) from port B of cell top.$flatten\u_axil.\u_core.$add$/home/bao/ECE410-HW4AI/project/m3/synth/v2005/kmeans_dist_core_pipelined.v:64$188 ($add).
Removed top 9 bits (of 18) from port Y of cell top.$flatten\u_axil.\u_core.$add$/home/bao/ECE410-HW4AI/project/m3/synth/v2005/kmeans_dist_core_pipelined.v:64$188 ($add).
Removed top 9 bits (of 18) from port A of cell top.$flatten\u_axil.\u_core.$add$/home/bao/ECE410-HW4AI/project/m3/synth/v2005/kmeans_dist_core_pipelined.v:64$193 ($add).
Removed top 10 bits (of 18) from port B of cell top.$flatten\u_axil.\u_core.$add$/home/bao/ECE410-HW4AI/project/m3/synth/v2005/kmeans_dist_core_pipelined.v:64$193 ($add).
Removed top 8 bits (of 18) from port Y of cell top.$flatten\u_axil.\u_core.$add$/home/bao/ECE410-HW4AI/project/m3/synth/v2005/kmeans_dist_core_pipelined.v:64$193 ($add).
Removed top 10 bits (of 18) from port A of cell top.$flatten\u_axil.\u_core.$add$/home/bao/ECE410-HW4AI/project/m3/synth/v2005/kmeans_dist_core_pipelined.v:64$203 ($add).
Removed top 10 bits (of 18) from port B of cell top.$flatten\u_axil.\u_core.$add$/home/bao/ECE410-HW4AI/project/m3/synth/v2005/kmeans_dist_core_pipelined.v:64$203 ($add).
Removed top 9 bits (of 18) from port Y of cell top.$flatten\u_axil.\u_core.$add$/home/bao/ECE410-HW4AI/project/m3/synth/v2005/kmeans_dist_core_pipelined.v:64$203 ($add).
Removed top 9 bits (of 18) from port A of cell top.$flatten\u_axil.\u_core.$add$/home/bao/ECE410-HW4AI/project/m3/synth/v2005/kmeans_dist_core_pipelined.v:64$208 ($add).
Removed top 10 bits (of 18) from port B of cell top.$flatten\u_axil.\u_core.$add$/home/bao/ECE410-HW4AI/project/m3/synth/v2005/kmeans_dist_core_pipelined.v:64$208 ($add).
Removed top 8 bits (of 18) from port Y of cell top.$flatten\u_axil.\u_core.$add$/home/bao/ECE410-HW4AI/project/m3/synth/v2005/kmeans_dist_core_pipelined.v:64$208 ($add).
Removed top 10 bits (of 18) from port A of cell top.$flatten\u_axil.\u_core.$add$/home/bao/ECE410-HW4AI/project/m3/synth/v2005/kmeans_dist_core_pipelined.v:64$218 ($add).
Removed top 10 bits (of 18) from port B of cell top.$flatten\u_axil.\u_core.$add$/home/bao/ECE410-HW4AI/project/m3/synth/v2005/kmeans_dist_core_pipelined.v:64$218 ($add).
Removed top 9 bits (of 18) from port Y of cell top.$flatten\u_axil.\u_core.$add$/home/bao/ECE410-HW4AI/project/m3/synth/v2005/kmeans_dist_core_pipelined.v:64$218 ($add).
Removed top 9 bits (of 18) from port A of cell top.$flatten\u_axil.\u_core.$add$/home/bao/ECE410-HW4AI/project/m3/synth/v2005/kmeans_dist_core_pipelined.v:64$223 ($add).
Removed top 10 bits (of 18) from port B of cell top.$flatten\u_axil.\u_core.$add$/home/bao/ECE410-HW4AI/project/m3/synth/v2005/kmeans_dist_core_pipelined.v:64$223 ($add).
Removed top 8 bits (of 18) from port Y of cell top.$flatten\u_axil.\u_core.$add$/home/bao/ECE410-HW4AI/project/m3/synth/v2005/kmeans_dist_core_pipelined.v:64$223 ($add).
Removed top 10 bits (of 18) from port A of cell top.$flatten\u_axil.\u_core.$add$/home/bao/ECE410-HW4AI/project/m3/synth/v2005/kmeans_dist_core_pipelined.v:64$233 ($add).
Removed top 10 bits (of 18) from port B of cell top.$flatten\u_axil.\u_core.$add$/home/bao/ECE410-HW4AI/project/m3/synth/v2005/kmeans_dist_core_pipelined.v:64$233 ($add).
Removed top 9 bits (of 18) from port Y of cell top.$flatten\u_axil.\u_core.$add$/home/bao/ECE410-HW4AI/project/m3/synth/v2005/kmeans_dist_core_pipelined.v:64$233 ($add).
Removed top 9 bits (of 18) from port A of cell top.$flatten\u_axil.\u_core.$add$/home/bao/ECE410-HW4AI/project/m3/synth/v2005/kmeans_dist_core_pipelined.v:64$238 ($add).
Removed top 10 bits (of 18) from port B of cell top.$flatten\u_axil.\u_core.$add$/home/bao/ECE410-HW4AI/project/m3/synth/v2005/kmeans_dist_core_pipelined.v:64$238 ($add).
Removed top 8 bits (of 18) from port Y of cell top.$flatten\u_axil.\u_core.$add$/home/bao/ECE410-HW4AI/project/m3/synth/v2005/kmeans_dist_core_pipelined.v:64$238 ($add).
Removed top 10 bits (of 18) from port A of cell top.$flatten\u_axil.\u_core.$add$/home/bao/ECE410-HW4AI/project/m3/synth/v2005/kmeans_dist_core_pipelined.v:64$248 ($add).
Removed top 10 bits (of 18) from port B of cell top.$flatten\u_axil.\u_core.$add$/home/bao/ECE410-HW4AI/project/m3/synth/v2005/kmeans_dist_core_pipelined.v:64$248 ($add).
Removed top 9 bits (of 18) from port Y of cell top.$flatten\u_axil.\u_core.$add$/home/bao/ECE410-HW4AI/project/m3/synth/v2005/kmeans_dist_core_pipelined.v:64$248 ($add).
Removed top 9 bits (of 18) from port A of cell top.$flatten\u_axil.\u_core.$add$/home/bao/ECE410-HW4AI/project/m3/synth/v2005/kmeans_dist_core_pipelined.v:64$253 ($add).
Removed top 10 bits (of 18) from port B of cell top.$flatten\u_axil.\u_core.$add$/home/bao/ECE410-HW4AI/project/m3/synth/v2005/kmeans_dist_core_pipelined.v:64$253 ($add).
Removed top 8 bits (of 18) from port Y of cell top.$flatten\u_axil.\u_core.$add$/home/bao/ECE410-HW4AI/project/m3/synth/v2005/kmeans_dist_core_pipelined.v:64$253 ($add).
Removed top 10 bits (of 18) from port A of cell top.$flatten\u_axil.\u_core.$add$/home/bao/ECE410-HW4AI/project/m3/synth/v2005/kmeans_dist_core_pipelined.v:64$263 ($add).
Removed top 10 bits (of 18) from port B of cell top.$flatten\u_axil.\u_core.$add$/home/bao/ECE410-HW4AI/project/m3/synth/v2005/kmeans_dist_core_pipelined.v:64$263 ($add).
Removed top 9 bits (of 18) from port Y of cell top.$flatten\u_axil.\u_core.$add$/home/bao/ECE410-HW4AI/project/m3/synth/v2005/kmeans_dist_core_pipelined.v:64$263 ($add).
Removed top 9 bits (of 18) from port A of cell top.$flatten\u_axil.\u_core.$add$/home/bao/ECE410-HW4AI/project/m3/synth/v2005/kmeans_dist_core_pipelined.v:64$268 ($add).
Removed top 10 bits (of 18) from port B of cell top.$flatten\u_axil.\u_core.$add$/home/bao/ECE410-HW4AI/project/m3/synth/v2005/kmeans_dist_core_pipelined.v:64$268 ($add).
Removed top 8 bits (of 18) from port Y of cell top.$flatten\u_axil.\u_core.$add$/home/bao/ECE410-HW4AI/project/m3/synth/v2005/kmeans_dist_core_pipelined.v:64$268 ($add).
Removed top 10 bits (of 18) from port A of cell top.$flatten\u_axil.\u_core.$add$/home/bao/ECE410-HW4AI/project/m3/synth/v2005/kmeans_dist_core_pipelined.v:64$278 ($add).
Removed top 10 bits (of 18) from port B of cell top.$flatten\u_axil.\u_core.$add$/home/bao/ECE410-HW4AI/project/m3/synth/v2005/kmeans_dist_core_pipelined.v:64$278 ($add).
Removed top 9 bits (of 18) from port Y of cell top.$flatten\u_axil.\u_core.$add$/home/bao/ECE410-HW4AI/project/m3/synth/v2005/kmeans_dist_core_pipelined.v:64$278 ($add).
Removed top 9 bits (of 18) from port A of cell top.$flatten\u_axil.\u_core.$add$/home/bao/ECE410-HW4AI/project/m3/synth/v2005/kmeans_dist_core_pipelined.v:64$283 ($add).
Removed top 10 bits (of 18) from port B of cell top.$flatten\u_axil.\u_core.$add$/home/bao/ECE410-HW4AI/project/m3/synth/v2005/kmeans_dist_core_pipelined.v:64$283 ($add).
Removed top 8 bits (of 18) from port Y of cell top.$flatten\u_axil.\u_core.$add$/home/bao/ECE410-HW4AI/project/m3/synth/v2005/kmeans_dist_core_pipelined.v:64$283 ($add).
Removed top 10 bits (of 18) from port A of cell top.$flatten\u_axil.\u_core.$add$/home/bao/ECE410-HW4AI/project/m3/synth/v2005/kmeans_dist_core_pipelined.v:64$293 ($add).
Removed top 10 bits (of 18) from port B of cell top.$flatten\u_axil.\u_core.$add$/home/bao/ECE410-HW4AI/project/m3/synth/v2005/kmeans_dist_core_pipelined.v:64$293 ($add).
Removed top 9 bits (of 18) from port Y of cell top.$flatten\u_axil.\u_core.$add$/home/bao/ECE410-HW4AI/project/m3/synth/v2005/kmeans_dist_core_pipelined.v:64$293 ($add).
Removed top 9 bits (of 18) from port A of cell top.$flatten\u_axil.\u_core.$add$/home/bao/ECE410-HW4AI/project/m3/synth/v2005/kmeans_dist_core_pipelined.v:64$298 ($add).
Removed top 10 bits (of 18) from port B of cell top.$flatten\u_axil.\u_core.$add$/home/bao/ECE410-HW4AI/project/m3/synth/v2005/kmeans_dist_core_pipelined.v:64$298 ($add).
Removed top 8 bits (of 18) from port Y of cell top.$flatten\u_axil.\u_core.$add$/home/bao/ECE410-HW4AI/project/m3/synth/v2005/kmeans_dist_core_pipelined.v:64$298 ($add).
Removed top 10 bits (of 18) from port A of cell top.$flatten\u_axil.\u_core.$add$/home/bao/ECE410-HW4AI/project/m3/synth/v2005/kmeans_dist_core_pipelined.v:64$308 ($add).
Removed top 10 bits (of 18) from port B of cell top.$flatten\u_axil.\u_core.$add$/home/bao/ECE410-HW4AI/project/m3/synth/v2005/kmeans_dist_core_pipelined.v:64$308 ($add).
Removed top 9 bits (of 18) from port Y of cell top.$flatten\u_axil.\u_core.$add$/home/bao/ECE410-HW4AI/project/m3/synth/v2005/kmeans_dist_core_pipelined.v:64$308 ($add).
Removed top 9 bits (of 18) from port A of cell top.$flatten\u_axil.\u_core.$add$/home/bao/ECE410-HW4AI/project/m3/synth/v2005/kmeans_dist_core_pipelined.v:64$313 ($add).
Removed top 10 bits (of 18) from port B of cell top.$flatten\u_axil.\u_core.$add$/home/bao/ECE410-HW4AI/project/m3/synth/v2005/kmeans_dist_core_pipelined.v:64$313 ($add).
Removed top 8 bits (of 18) from port Y of cell top.$flatten\u_axil.\u_core.$add$/home/bao/ECE410-HW4AI/project/m3/synth/v2005/kmeans_dist_core_pipelined.v:64$313 ($add).
Removed top 3 bits (of 4) from mux cell top.$flatten\u_axil.\u_core.$procmux$1175 ($mux).
Removed top 3 bits (of 4) from mux cell top.$flatten\u_axil.\u_core.$procmux$1181 ($mux).
Removed top 3 bits (of 4) from mux cell top.$flatten\u_axil.\u_core.$procmux$1187 ($mux).
Removed top 3 bits (of 4) from mux cell top.$flatten\u_axil.\u_core.$procmux$1193 ($mux).
Removed top 3 bits (of 4) from mux cell top.$flatten\u_axil.\u_core.$procmux$1199 ($mux).
Removed top 3 bits (of 4) from mux cell top.$flatten\u_axil.\u_core.$procmux$1205 ($mux).
Removed top 3 bits (of 4) from mux cell top.$flatten\u_axil.\u_core.$procmux$1211 ($mux).
Removed top 3 bits (of 4) from mux cell top.$flatten\u_axil.\u_core.$procmux$1217 ($mux).
Removed top 8 bits (of 18) from FF cell top.$auto$ff.cc:266:slice$1851 ($sdff).
Removed top 8 bits (of 18) from FF cell top.$auto$ff.cc:266:slice$1850 ($sdff).
Removed top 8 bits (of 18) from FF cell top.$auto$ff.cc:266:slice$1849 ($sdff).
Removed top 8 bits (of 18) from FF cell top.$auto$ff.cc:266:slice$1848 ($sdff).
Removed top 8 bits (of 18) from FF cell top.$auto$ff.cc:266:slice$1847 ($sdff).
Removed top 8 bits (of 18) from FF cell top.$auto$ff.cc:266:slice$1846 ($sdff).
Removed top 8 bits (of 18) from FF cell top.$auto$ff.cc:266:slice$1845 ($sdff).
Removed top 8 bits (of 18) from FF cell top.$auto$ff.cc:266:slice$1844 ($sdff).
Removed top 8 bits (of 18) from FF cell top.$auto$ff.cc:266:slice$1843 ($sdff).
Removed top 8 bits (of 18) from FF cell top.$auto$ff.cc:266:slice$1842 ($sdff).
Removed top 8 bits (of 18) from FF cell top.$auto$ff.cc:266:slice$1841 ($sdff).
Removed top 8 bits (of 18) from FF cell top.$auto$ff.cc:266:slice$1840 ($sdff).
Removed top 8 bits (of 18) from FF cell top.$auto$ff.cc:266:slice$1839 ($sdff).
Removed top 8 bits (of 18) from FF cell top.$auto$ff.cc:266:slice$1838 ($sdff).
Removed top 8 bits (of 18) from FF cell top.$auto$ff.cc:266:slice$1837 ($sdff).
Removed top 2 bits (of 3) from port B of cell top.$auto$fsm_map.cc:77:implement_pattern_cache$1806 ($eq).
Removed top 8 bits (of 12) from port B of cell top.$flatten\u_axil.$procmux$942_CMP0 ($eq).
Removed top 7 bits (of 12) from port B of cell top.$flatten\u_axil.$procmux$884_CMP0 ($eq).
Removed top 7 bits (of 12) from port B of cell top.$flatten\u_axil.$procmux$829_CMP0 ($eq).
Removed top 7 bits (of 12) from port B of cell top.$flatten\u_axil.$procmux$777_CMP0 ($eq).
Removed top 7 bits (of 12) from port B of cell top.$flatten\u_axil.$procmux$728_CMP0 ($eq).
Removed top 6 bits (of 12) from port B of cell top.$flatten\u_axil.$procmux$682_CMP0 ($eq).
Removed top 6 bits (of 12) from port B of cell top.$flatten\u_axil.$procmux$639_CMP0 ($eq).
Removed top 6 bits (of 12) from port B of cell top.$flatten\u_axil.$procmux$599_CMP0 ($eq).
Removed top 6 bits (of 12) from port B of cell top.$flatten\u_axil.$procmux$562_CMP0 ($eq).
Removed top 6 bits (of 12) from port B of cell top.$flatten\u_axil.$procmux$528_CMP0 ($eq).
Removed top 6 bits (of 12) from port B of cell top.$flatten\u_axil.$procmux$497_CMP0 ($eq).
Removed top 6 bits (of 12) from port B of cell top.$flatten\u_axil.$procmux$469_CMP0 ($eq).
Removed top 6 bits (of 12) from port B of cell top.$flatten\u_axil.$procmux$444_CMP0 ($eq).
Removed top 5 bits (of 12) from port B of cell top.$flatten\u_axil.$procmux$422_CMP0 ($eq).
Removed top 5 bits (of 12) from port B of cell top.$flatten\u_axil.$procmux$403_CMP0 ($eq).
Removed top 5 bits (of 12) from port B of cell top.$flatten\u_axil.$procmux$387_CMP0 ($eq).
Removed top 5 bits (of 12) from port B of cell top.$flatten\u_axil.$procmux$374_CMP0 ($eq).
Removed top 9 bits (of 12) from port B of cell top.$flatten\u_axil.$procmux$361_CMP0 ($eq).
Removed top 3 bits (of 12) from port B of cell top.$flatten\u_axil.$procmux$360_CMP0 ($eq).
Removed top 3 bits (of 12) from port B of cell top.$flatten\u_axil.$procmux$359_CMP0 ($eq).
Removed top 8 bits (of 32) from mux cell top.$flatten\u_axil.$ternary$/home/bao/ECE410-HW4AI/project/m3/synth/v2005/axil_slave_int.v:143$60 ($mux).
Removed top 8 bits (of 32) from mux cell top.$flatten\u_axil.$ternary$/home/bao/ECE410-HW4AI/project/m3/synth/v2005/axil_slave_int.v:144$59 ($mux).
Removed top 8 bits (of 32) from mux cell top.$flatten\u_axil.$ternary$/home/bao/ECE410-HW4AI/project/m3/synth/v2005/axil_slave_int.v:145$58 ($mux).
Removed top 8 bits (of 18) from port A of cell top.$flatten\u_axil.\u_core.$lt$/home/bao/ECE410-HW4AI/project/m3/synth/v2005/kmeans_dist_core_pipelined.v:98$317 ($lt).
Removed top 8 bits (of 18) from port B of cell top.$flatten\u_axil.\u_core.$lt$/home/bao/ECE410-HW4AI/project/m3/synth/v2005/kmeans_dist_core_pipelined.v:98$317 ($lt).
Removed top 8 bits (of 18) from port A of cell top.$flatten\u_axil.\u_core.$lt$/home/bao/ECE410-HW4AI/project/m3/synth/v2005/kmeans_dist_core_pipelined.v:98$318 ($lt).
Removed top 8 bits (of 18) from port B of cell top.$flatten\u_axil.\u_core.$lt$/home/bao/ECE410-HW4AI/project/m3/synth/v2005/kmeans_dist_core_pipelined.v:98$318 ($lt).
Removed top 8 bits (of 18) from port A of cell top.$flatten\u_axil.\u_core.$lt$/home/bao/ECE410-HW4AI/project/m3/synth/v2005/kmeans_dist_core_pipelined.v:98$319 ($lt).
Removed top 8 bits (of 18) from port B of cell top.$flatten\u_axil.\u_core.$lt$/home/bao/ECE410-HW4AI/project/m3/synth/v2005/kmeans_dist_core_pipelined.v:98$319 ($lt).
Removed top 8 bits (of 18) from port A of cell top.$flatten\u_axil.\u_core.$lt$/home/bao/ECE410-HW4AI/project/m3/synth/v2005/kmeans_dist_core_pipelined.v:98$320 ($lt).
Removed top 8 bits (of 18) from port B of cell top.$flatten\u_axil.\u_core.$lt$/home/bao/ECE410-HW4AI/project/m3/synth/v2005/kmeans_dist_core_pipelined.v:98$320 ($lt).
Removed top 8 bits (of 18) from port A of cell top.$flatten\u_axil.\u_core.$lt$/home/bao/ECE410-HW4AI/project/m3/synth/v2005/kmeans_dist_core_pipelined.v:98$321 ($lt).
Removed top 8 bits (of 18) from port B of cell top.$flatten\u_axil.\u_core.$lt$/home/bao/ECE410-HW4AI/project/m3/synth/v2005/kmeans_dist_core_pipelined.v:98$321 ($lt).
Removed top 8 bits (of 18) from port A of cell top.$flatten\u_axil.\u_core.$lt$/home/bao/ECE410-HW4AI/project/m3/synth/v2005/kmeans_dist_core_pipelined.v:98$322 ($lt).
Removed top 8 bits (of 18) from port B of cell top.$flatten\u_axil.\u_core.$lt$/home/bao/ECE410-HW4AI/project/m3/synth/v2005/kmeans_dist_core_pipelined.v:98$322 ($lt).
Removed top 8 bits (of 18) from port A of cell top.$flatten\u_axil.\u_core.$lt$/home/bao/ECE410-HW4AI/project/m3/synth/v2005/kmeans_dist_core_pipelined.v:98$323 ($lt).
Removed top 8 bits (of 18) from port B of cell top.$flatten\u_axil.\u_core.$lt$/home/bao/ECE410-HW4AI/project/m3/synth/v2005/kmeans_dist_core_pipelined.v:98$323 ($lt).
Removed top 8 bits (of 18) from port B of cell top.$flatten\u_axil.\u_core.$lt$/home/bao/ECE410-HW4AI/project/m3/synth/v2005/kmeans_dist_core_pipelined.v:98$324 ($lt).
Removed top 8 bits (of 18) from mux cell top.$flatten\u_axil.\u_core.$procmux$1184 ($mux).
Removed top 8 bits (of 18) from mux cell top.$flatten\u_axil.\u_core.$procmux$1190 ($mux).
Removed top 8 bits (of 18) from mux cell top.$flatten\u_axil.\u_core.$procmux$1196 ($mux).
Removed top 8 bits (of 18) from mux cell top.$flatten\u_axil.\u_core.$procmux$1202 ($mux).
Removed top 8 bits (of 18) from mux cell top.$flatten\u_axil.\u_core.$procmux$1208 ($mux).
Removed top 8 bits (of 18) from mux cell top.$flatten\u_axil.\u_core.$procmux$1214 ($mux).
Removed top 8 bits (of 18) from mux cell top.$flatten\u_axil.\u_core.$procmux$1220 ($mux).
Removed top 8 bits (of 32) from FF cell top.$auto$ff.cc:266:slice$2024 ($adffe).
Removed top 8 bits (of 32) from wire top.$flatten\u_axil.$ternary$/home/bao/ECE410-HW4AI/project/m3/synth/v2005/axil_slave_int.v:144$59_Y.
Removed top 8 bits (of 32) from wire top.$flatten\u_axil.$ternary$/home/bao/ECE410-HW4AI/project/m3/synth/v2005/axil_slave_int.v:145$58_Y.
Removed top 10 bits (of 18) from wire top.$flatten\u_axil.\u_core.$add$/home/bao/ECE410-HW4AI/project/m3/synth/v2005/kmeans_dist_core_pipelined.v:64$108_Y.
Removed top 9 bits (of 18) from wire top.$flatten\u_axil.\u_core.$add$/home/bao/ECE410-HW4AI/project/m3/synth/v2005/kmeans_dist_core_pipelined.v:64$113_Y.
Removed top 10 bits (of 18) from wire top.$flatten\u_axil.\u_core.$add$/home/bao/ECE410-HW4AI/project/m3/synth/v2005/kmeans_dist_core_pipelined.v:64$123_Y.
Removed top 9 bits (of 18) from wire top.$flatten\u_axil.\u_core.$add$/home/bao/ECE410-HW4AI/project/m3/synth/v2005/kmeans_dist_core_pipelined.v:64$128_Y.
Removed top 10 bits (of 18) from wire top.$flatten\u_axil.\u_core.$add$/home/bao/ECE410-HW4AI/project/m3/synth/v2005/kmeans_dist_core_pipelined.v:64$138_Y.
Removed top 9 bits (of 18) from wire top.$flatten\u_axil.\u_core.$add$/home/bao/ECE410-HW4AI/project/m3/synth/v2005/kmeans_dist_core_pipelined.v:64$143_Y.
Removed top 10 bits (of 18) from wire top.$flatten\u_axil.\u_core.$add$/home/bao/ECE410-HW4AI/project/m3/synth/v2005/kmeans_dist_core_pipelined.v:64$153_Y.
Removed top 9 bits (of 18) from wire top.$flatten\u_axil.\u_core.$add$/home/bao/ECE410-HW4AI/project/m3/synth/v2005/kmeans_dist_core_pipelined.v:64$158_Y.
Removed top 10 bits (of 18) from wire top.$flatten\u_axil.\u_core.$add$/home/bao/ECE410-HW4AI/project/m3/synth/v2005/kmeans_dist_core_pipelined.v:64$168_Y.
Removed top 9 bits (of 18) from wire top.$flatten\u_axil.\u_core.$add$/home/bao/ECE410-HW4AI/project/m3/synth/v2005/kmeans_dist_core_pipelined.v:64$173_Y.
Removed top 10 bits (of 18) from wire top.$flatten\u_axil.\u_core.$add$/home/bao/ECE410-HW4AI/project/m3/synth/v2005/kmeans_dist_core_pipelined.v:64$183_Y.
Removed top 9 bits (of 18) from wire top.$flatten\u_axil.\u_core.$add$/home/bao/ECE410-HW4AI/project/m3/synth/v2005/kmeans_dist_core_pipelined.v:64$188_Y.
Removed top 10 bits (of 18) from wire top.$flatten\u_axil.\u_core.$add$/home/bao/ECE410-HW4AI/project/m3/synth/v2005/kmeans_dist_core_pipelined.v:64$198_Y.
Removed top 9 bits (of 18) from wire top.$flatten\u_axil.\u_core.$add$/home/bao/ECE410-HW4AI/project/m3/synth/v2005/kmeans_dist_core_pipelined.v:64$203_Y.
Removed top 10 bits (of 18) from wire top.$flatten\u_axil.\u_core.$add$/home/bao/ECE410-HW4AI/project/m3/synth/v2005/kmeans_dist_core_pipelined.v:64$213_Y.
Removed top 9 bits (of 18) from wire top.$flatten\u_axil.\u_core.$add$/home/bao/ECE410-HW4AI/project/m3/synth/v2005/kmeans_dist_core_pipelined.v:64$218_Y.
Removed top 10 bits (of 18) from wire top.$flatten\u_axil.\u_core.$add$/home/bao/ECE410-HW4AI/project/m3/synth/v2005/kmeans_dist_core_pipelined.v:64$228_Y.
Removed top 9 bits (of 18) from wire top.$flatten\u_axil.\u_core.$add$/home/bao/ECE410-HW4AI/project/m3/synth/v2005/kmeans_dist_core_pipelined.v:64$233_Y.
Removed top 10 bits (of 18) from wire top.$flatten\u_axil.\u_core.$add$/home/bao/ECE410-HW4AI/project/m3/synth/v2005/kmeans_dist_core_pipelined.v:64$243_Y.
Removed top 9 bits (of 18) from wire top.$flatten\u_axil.\u_core.$add$/home/bao/ECE410-HW4AI/project/m3/synth/v2005/kmeans_dist_core_pipelined.v:64$248_Y.
Removed top 10 bits (of 18) from wire top.$flatten\u_axil.\u_core.$add$/home/bao/ECE410-HW4AI/project/m3/synth/v2005/kmeans_dist_core_pipelined.v:64$258_Y.
Removed top 9 bits (of 18) from wire top.$flatten\u_axil.\u_core.$add$/home/bao/ECE410-HW4AI/project/m3/synth/v2005/kmeans_dist_core_pipelined.v:64$263_Y.
Removed top 10 bits (of 18) from wire top.$flatten\u_axil.\u_core.$add$/home/bao/ECE410-HW4AI/project/m3/synth/v2005/kmeans_dist_core_pipelined.v:64$273_Y.
Removed top 9 bits (of 18) from wire top.$flatten\u_axil.\u_core.$add$/home/bao/ECE410-HW4AI/project/m3/synth/v2005/kmeans_dist_core_pipelined.v:64$278_Y.
Removed top 10 bits (of 18) from wire top.$flatten\u_axil.\u_core.$add$/home/bao/ECE410-HW4AI/project/m3/synth/v2005/kmeans_dist_core_pipelined.v:64$288_Y.
Removed top 9 bits (of 18) from wire top.$flatten\u_axil.\u_core.$add$/home/bao/ECE410-HW4AI/project/m3/synth/v2005/kmeans_dist_core_pipelined.v:64$293_Y.
Removed top 10 bits (of 18) from wire top.$flatten\u_axil.\u_core.$add$/home/bao/ECE410-HW4AI/project/m3/synth/v2005/kmeans_dist_core_pipelined.v:64$303_Y.
Removed top 9 bits (of 18) from wire top.$flatten\u_axil.\u_core.$add$/home/bao/ECE410-HW4AI/project/m3/synth/v2005/kmeans_dist_core_pipelined.v:64$308_Y.
Removed top 10 bits (of 18) from wire top.$flatten\u_axil.\u_core.$add$/home/bao/ECE410-HW4AI/project/m3/synth/v2005/kmeans_dist_core_pipelined.v:64$78_Y.
Removed top 9 bits (of 18) from wire top.$flatten\u_axil.\u_core.$add$/home/bao/ECE410-HW4AI/project/m3/synth/v2005/kmeans_dist_core_pipelined.v:64$83_Y.
Removed top 10 bits (of 18) from wire top.$flatten\u_axil.\u_core.$add$/home/bao/ECE410-HW4AI/project/m3/synth/v2005/kmeans_dist_core_pipelined.v:64$93_Y.
Removed top 9 bits (of 18) from wire top.$flatten\u_axil.\u_core.$add$/home/bao/ECE410-HW4AI/project/m3/synth/v2005/kmeans_dist_core_pipelined.v:64$98_Y.

65. Executing PEEPOPT pass (run peephole optimizers).

66. Executing OPT_CLEAN pass (remove unused cells and wires).
Finding unused cells or wires in module \top..
Removed 0 unused cells and 34 unused wires.
<suppressed ~1 debug messages>

67. Executing ALUMACC pass (create $alu and $macc cells).
Extracting $alu and $macc cells in module top:
  creating $macc model for $flatten\u_axil.\u_core.$add$/home/bao/ECE410-HW4AI/project/m3/synth/v2005/kmeans_dist_core_pipelined.v:64$103 ($add).
  creating $macc model for $flatten\u_axil.\u_core.$add$/home/bao/ECE410-HW4AI/project/m3/synth/v2005/kmeans_dist_core_pipelined.v:64$113 ($add).
  creating $macc model for $flatten\u_axil.\u_core.$add$/home/bao/ECE410-HW4AI/project/m3/synth/v2005/kmeans_dist_core_pipelined.v:64$118 ($add).
  creating $macc model for $flatten\u_axil.\u_core.$add$/home/bao/ECE410-HW4AI/project/m3/synth/v2005/kmeans_dist_core_pipelined.v:64$128 ($add).
  creating $macc model for $flatten\u_axil.\u_core.$add$/home/bao/ECE410-HW4AI/project/m3/synth/v2005/kmeans_dist_core_pipelined.v:64$133 ($add).
  creating $macc model for $flatten\u_axil.\u_core.$add$/home/bao/ECE410-HW4AI/project/m3/synth/v2005/kmeans_dist_core_pipelined.v:64$143 ($add).
  creating $macc model for $flatten\u_axil.\u_core.$add$/home/bao/ECE410-HW4AI/project/m3/synth/v2005/kmeans_dist_core_pipelined.v:64$148 ($add).
  creating $macc model for $flatten\u_axil.\u_core.$add$/home/bao/ECE410-HW4AI/project/m3/synth/v2005/kmeans_dist_core_pipelined.v:64$158 ($add).
  creating $macc model for $flatten\u_axil.\u_core.$add$/home/bao/ECE410-HW4AI/project/m3/synth/v2005/kmeans_dist_core_pipelined.v:64$163 ($add).
  creating $macc model for $flatten\u_axil.\u_core.$add$/home/bao/ECE410-HW4AI/project/m3/synth/v2005/kmeans_dist_core_pipelined.v:64$173 ($add).
  creating $macc model for $flatten\u_axil.\u_core.$add$/home/bao/ECE410-HW4AI/project/m3/synth/v2005/kmeans_dist_core_pipelined.v:64$178 ($add).
  creating $macc model for $flatten\u_axil.\u_core.$add$/home/bao/ECE410-HW4AI/project/m3/synth/v2005/kmeans_dist_core_pipelined.v:64$188 ($add).
  creating $macc model for $flatten\u_axil.\u_core.$add$/home/bao/ECE410-HW4AI/project/m3/synth/v2005/kmeans_dist_core_pipelined.v:64$193 ($add).
  creating $macc model for $flatten\u_axil.\u_core.$add$/home/bao/ECE410-HW4AI/project/m3/synth/v2005/kmeans_dist_core_pipelined.v:64$203 ($add).
  creating $macc model for $flatten\u_axil.\u_core.$add$/home/bao/ECE410-HW4AI/project/m3/synth/v2005/kmeans_dist_core_pipelined.v:64$208 ($add).
  creating $macc model for $flatten\u_axil.\u_core.$add$/home/bao/ECE410-HW4AI/project/m3/synth/v2005/kmeans_dist_core_pipelined.v:64$218 ($add).
  creating $macc model for $flatten\u_axil.\u_core.$add$/home/bao/ECE410-HW4AI/project/m3/synth/v2005/kmeans_dist_core_pipelined.v:64$223 ($add).
  creating $macc model for $flatten\u_axil.\u_core.$add$/home/bao/ECE410-HW4AI/project/m3/synth/v2005/kmeans_dist_core_pipelined.v:64$233 ($add).
  creating $macc model for $flatten\u_axil.\u_core.$add$/home/bao/ECE410-HW4AI/project/m3/synth/v2005/kmeans_dist_core_pipelined.v:64$238 ($add).
  creating $macc model for $flatten\u_axil.\u_core.$add$/home/bao/ECE410-HW4AI/project/m3/synth/v2005/kmeans_dist_core_pipelined.v:64$248 ($add).
  creating $macc model for $flatten\u_axil.\u_core.$add$/home/bao/ECE410-HW4AI/project/m3/synth/v2005/kmeans_dist_core_pipelined.v:64$253 ($add).
  creating $macc model for $flatten\u_axil.\u_core.$add$/home/bao/ECE410-HW4AI/project/m3/synth/v2005/kmeans_dist_core_pipelined.v:64$263 ($add).
  creating $macc model for $flatten\u_axil.\u_core.$add$/home/bao/ECE410-HW4AI/project/m3/synth/v2005/kmeans_dist_core_pipelined.v:64$268 ($add).
  creating $macc model for $flatten\u_axil.\u_core.$add$/home/bao/ECE410-HW4AI/project/m3/synth/v2005/kmeans_dist_core_pipelined.v:64$278 ($add).
  creating $macc model for $flatten\u_axil.\u_core.$add$/home/bao/ECE410-HW4AI/project/m3/synth/v2005/kmeans_dist_core_pipelined.v:64$283 ($add).
  creating $macc model for $flatten\u_axil.\u_core.$add$/home/bao/ECE410-HW4AI/project/m3/synth/v2005/kmeans_dist_core_pipelined.v:64$293 ($add).
  creating $macc model for $flatten\u_axil.\u_core.$add$/home/bao/ECE410-HW4AI/project/m3/synth/v2005/kmeans_dist_core_pipelined.v:64$298 ($add).
  creating $macc model for $flatten\u_axil.\u_core.$add$/home/bao/ECE410-HW4AI/project/m3/synth/v2005/kmeans_dist_core_pipelined.v:64$308 ($add).
  creating $macc model for $flatten\u_axil.\u_core.$add$/home/bao/ECE410-HW4AI/project/m3/synth/v2005/kmeans_dist_core_pipelined.v:64$313 ($add).
  creating $macc model for $flatten\u_axil.\u_core.$add$/home/bao/ECE410-HW4AI/project/m3/synth/v2005/kmeans_dist_core_pipelined.v:64$83 ($add).
  creating $macc model for $flatten\u_axil.\u_core.$add$/home/bao/ECE410-HW4AI/project/m3/synth/v2005/kmeans_dist_core_pipelined.v:64$88 ($add).
  creating $macc model for $flatten\u_axil.\u_core.$add$/home/bao/ECE410-HW4AI/project/m3/synth/v2005/kmeans_dist_core_pipelined.v:64$98 ($add).
  creating $macc model for $flatten\u_axil.\u_core.$mul$/home/bao/ECE410-HW4AI/project/m3/synth/v2005/kmeans_dist_core_pipelined.v:65$102 ($mul).
  creating $macc model for $flatten\u_axil.\u_core.$mul$/home/bao/ECE410-HW4AI/project/m3/synth/v2005/kmeans_dist_core_pipelined.v:65$107 ($mul).
  creating $macc model for $flatten\u_axil.\u_core.$mul$/home/bao/ECE410-HW4AI/project/m3/synth/v2005/kmeans_dist_core_pipelined.v:65$112 ($mul).
  creating $macc model for $flatten\u_axil.\u_core.$mul$/home/bao/ECE410-HW4AI/project/m3/synth/v2005/kmeans_dist_core_pipelined.v:65$117 ($mul).
  creating $macc model for $flatten\u_axil.\u_core.$mul$/home/bao/ECE410-HW4AI/project/m3/synth/v2005/kmeans_dist_core_pipelined.v:65$122 ($mul).
  creating $macc model for $flatten\u_axil.\u_core.$mul$/home/bao/ECE410-HW4AI/project/m3/synth/v2005/kmeans_dist_core_pipelined.v:65$127 ($mul).
  creating $macc model for $flatten\u_axil.\u_core.$mul$/home/bao/ECE410-HW4AI/project/m3/synth/v2005/kmeans_dist_core_pipelined.v:65$132 ($mul).
  creating $macc model for $flatten\u_axil.\u_core.$mul$/home/bao/ECE410-HW4AI/project/m3/synth/v2005/kmeans_dist_core_pipelined.v:65$137 ($mul).
  creating $macc model for $flatten\u_axil.\u_core.$mul$/home/bao/ECE410-HW4AI/project/m3/synth/v2005/kmeans_dist_core_pipelined.v:65$142 ($mul).
  creating $macc model for $flatten\u_axil.\u_core.$mul$/home/bao/ECE410-HW4AI/project/m3/synth/v2005/kmeans_dist_core_pipelined.v:65$147 ($mul).
  creating $macc model for $flatten\u_axil.\u_core.$mul$/home/bao/ECE410-HW4AI/project/m3/synth/v2005/kmeans_dist_core_pipelined.v:65$152 ($mul).
  creating $macc model for $flatten\u_axil.\u_core.$mul$/home/bao/ECE410-HW4AI/project/m3/synth/v2005/kmeans_dist_core_pipelined.v:65$157 ($mul).
  creating $macc model for $flatten\u_axil.\u_core.$mul$/home/bao/ECE410-HW4AI/project/m3/synth/v2005/kmeans_dist_core_pipelined.v:65$162 ($mul).
  creating $macc model for $flatten\u_axil.\u_core.$mul$/home/bao/ECE410-HW4AI/project/m3/synth/v2005/kmeans_dist_core_pipelined.v:65$167 ($mul).
  creating $macc model for $flatten\u_axil.\u_core.$mul$/home/bao/ECE410-HW4AI/project/m3/synth/v2005/kmeans_dist_core_pipelined.v:65$172 ($mul).
  creating $macc model for $flatten\u_axil.\u_core.$mul$/home/bao/ECE410-HW4AI/project/m3/synth/v2005/kmeans_dist_core_pipelined.v:65$177 ($mul).
  creating $macc model for $flatten\u_axil.\u_core.$mul$/home/bao/ECE410-HW4AI/project/m3/synth/v2005/kmeans_dist_core_pipelined.v:65$182 ($mul).
  creating $macc model for $flatten\u_axil.\u_core.$mul$/home/bao/ECE410-HW4AI/project/m3/synth/v2005/kmeans_dist_core_pipelined.v:65$187 ($mul).
  creating $macc model for $flatten\u_axil.\u_core.$mul$/home/bao/ECE410-HW4AI/project/m3/synth/v2005/kmeans_dist_core_pipelined.v:65$192 ($mul).
  creating $macc model for $flatten\u_axil.\u_core.$mul$/home/bao/ECE410-HW4AI/project/m3/synth/v2005/kmeans_dist_core_pipelined.v:65$197 ($mul).
  creating $macc model for $flatten\u_axil.\u_core.$mul$/home/bao/ECE410-HW4AI/project/m3/synth/v2005/kmeans_dist_core_pipelined.v:65$202 ($mul).
  creating $macc model for $flatten\u_axil.\u_core.$mul$/home/bao/ECE410-HW4AI/project/m3/synth/v2005/kmeans_dist_core_pipelined.v:65$207 ($mul).
  creating $macc model for $flatten\u_axil.\u_core.$mul$/home/bao/ECE410-HW4AI/project/m3/synth/v2005/kmeans_dist_core_pipelined.v:65$212 ($mul).
  creating $macc model for $flatten\u_axil.\u_core.$mul$/home/bao/ECE410-HW4AI/project/m3/synth/v2005/kmeans_dist_core_pipelined.v:65$217 ($mul).
  creating $macc model for $flatten\u_axil.\u_core.$mul$/home/bao/ECE410-HW4AI/project/m3/synth/v2005/kmeans_dist_core_pipelined.v:65$222 ($mul).
  creating $macc model for $flatten\u_axil.\u_core.$mul$/home/bao/ECE410-HW4AI/project/m3/synth/v2005/kmeans_dist_core_pipelined.v:65$227 ($mul).
  creating $macc model for $flatten\u_axil.\u_core.$mul$/home/bao/ECE410-HW4AI/project/m3/synth/v2005/kmeans_dist_core_pipelined.v:65$232 ($mul).
  creating $macc model for $flatten\u_axil.\u_core.$mul$/home/bao/ECE410-HW4AI/project/m3/synth/v2005/kmeans_dist_core_pipelined.v:65$237 ($mul).
  creating $macc model for $flatten\u_axil.\u_core.$mul$/home/bao/ECE410-HW4AI/project/m3/synth/v2005/kmeans_dist_core_pipelined.v:65$242 ($mul).
  creating $macc model for $flatten\u_axil.\u_core.$mul$/home/bao/ECE410-HW4AI/project/m3/synth/v2005/kmeans_dist_core_pipelined.v:65$247 ($mul).
  creating $macc model for $flatten\u_axil.\u_core.$mul$/home/bao/ECE410-HW4AI/project/m3/synth/v2005/kmeans_dist_core_pipelined.v:65$252 ($mul).
  creating $macc model for $flatten\u_axil.\u_core.$mul$/home/bao/ECE410-HW4AI/project/m3/synth/v2005/kmeans_dist_core_pipelined.v:65$257 ($mul).
  creating $macc model for $flatten\u_axil.\u_core.$mul$/home/bao/ECE410-HW4AI/project/m3/synth/v2005/kmeans_dist_core_pipelined.v:65$262 ($mul).
  creating $macc model for $flatten\u_axil.\u_core.$mul$/home/bao/ECE410-HW4AI/project/m3/synth/v2005/kmeans_dist_core_pipelined.v:65$267 ($mul).
  creating $macc model for $flatten\u_axil.\u_core.$mul$/home/bao/ECE410-HW4AI/project/m3/synth/v2005/kmeans_dist_core_pipelined.v:65$272 ($mul).
  creating $macc model for $flatten\u_axil.\u_core.$mul$/home/bao/ECE410-HW4AI/project/m3/synth/v2005/kmeans_dist_core_pipelined.v:65$277 ($mul).
  creating $macc model for $flatten\u_axil.\u_core.$mul$/home/bao/ECE410-HW4AI/project/m3/synth/v2005/kmeans_dist_core_pipelined.v:65$282 ($mul).
  creating $macc model for $flatten\u_axil.\u_core.$mul$/home/bao/ECE410-HW4AI/project/m3/synth/v2005/kmeans_dist_core_pipelined.v:65$287 ($mul).
  creating $macc model for $flatten\u_axil.\u_core.$mul$/home/bao/ECE410-HW4AI/project/m3/synth/v2005/kmeans_dist_core_pipelined.v:65$292 ($mul).
  creating $macc model for $flatten\u_axil.\u_core.$mul$/home/bao/ECE410-HW4AI/project/m3/synth/v2005/kmeans_dist_core_pipelined.v:65$297 ($mul).
  creating $macc model for $flatten\u_axil.\u_core.$mul$/home/bao/ECE410-HW4AI/project/m3/synth/v2005/kmeans_dist_core_pipelined.v:65$302 ($mul).
  creating $macc model for $flatten\u_axil.\u_core.$mul$/home/bao/ECE410-HW4AI/project/m3/synth/v2005/kmeans_dist_core_pipelined.v:65$307 ($mul).
  creating $macc model for $flatten\u_axil.\u_core.$mul$/home/bao/ECE410-HW4AI/project/m3/synth/v2005/kmeans_dist_core_pipelined.v:65$312 ($mul).
  creating $macc model for $flatten\u_axil.\u_core.$mul$/home/bao/ECE410-HW4AI/project/m3/synth/v2005/kmeans_dist_core_pipelined.v:65$77 ($mul).
  creating $macc model for $flatten\u_axil.\u_core.$mul$/home/bao/ECE410-HW4AI/project/m3/synth/v2005/kmeans_dist_core_pipelined.v:65$82 ($mul).
  creating $macc model for $flatten\u_axil.\u_core.$mul$/home/bao/ECE410-HW4AI/project/m3/synth/v2005/kmeans_dist_core_pipelined.v:65$87 ($mul).
  creating $macc model for $flatten\u_axil.\u_core.$mul$/home/bao/ECE410-HW4AI/project/m3/synth/v2005/kmeans_dist_core_pipelined.v:65$92 ($mul).
  creating $macc model for $flatten\u_axil.\u_core.$mul$/home/bao/ECE410-HW4AI/project/m3/synth/v2005/kmeans_dist_core_pipelined.v:65$97 ($mul).
  creating $macc model for $flatten\u_axil.\u_core.$sub$/home/bao/ECE410-HW4AI/project/m3/synth/v2005/kmeans_dist_core_pipelined.v:61$100 ($sub).
  creating $macc model for $flatten\u_axil.\u_core.$sub$/home/bao/ECE410-HW4AI/project/m3/synth/v2005/kmeans_dist_core_pipelined.v:61$105 ($sub).
  creating $macc model for $flatten\u_axil.\u_core.$sub$/home/bao/ECE410-HW4AI/project/m3/synth/v2005/kmeans_dist_core_pipelined.v:61$110 ($sub).
  creating $macc model for $flatten\u_axil.\u_core.$sub$/home/bao/ECE410-HW4AI/project/m3/synth/v2005/kmeans_dist_core_pipelined.v:61$115 ($sub).
  creating $macc model for $flatten\u_axil.\u_core.$sub$/home/bao/ECE410-HW4AI/project/m3/synth/v2005/kmeans_dist_core_pipelined.v:61$120 ($sub).
  creating $macc model for $flatten\u_axil.\u_core.$sub$/home/bao/ECE410-HW4AI/project/m3/synth/v2005/kmeans_dist_core_pipelined.v:61$125 ($sub).
  creating $macc model for $flatten\u_axil.\u_core.$sub$/home/bao/ECE410-HW4AI/project/m3/synth/v2005/kmeans_dist_core_pipelined.v:61$130 ($sub).
  creating $macc model for $flatten\u_axil.\u_core.$sub$/home/bao/ECE410-HW4AI/project/m3/synth/v2005/kmeans_dist_core_pipelined.v:61$135 ($sub).
  creating $macc model for $flatten\u_axil.\u_core.$sub$/home/bao/ECE410-HW4AI/project/m3/synth/v2005/kmeans_dist_core_pipelined.v:61$140 ($sub).
  creating $macc model for $flatten\u_axil.\u_core.$sub$/home/bao/ECE410-HW4AI/project/m3/synth/v2005/kmeans_dist_core_pipelined.v:61$145 ($sub).
  creating $macc model for $flatten\u_axil.\u_core.$sub$/home/bao/ECE410-HW4AI/project/m3/synth/v2005/kmeans_dist_core_pipelined.v:61$150 ($sub).
  creating $macc model for $flatten\u_axil.\u_core.$sub$/home/bao/ECE410-HW4AI/project/m3/synth/v2005/kmeans_dist_core_pipelined.v:61$155 ($sub).
  creating $macc model for $flatten\u_axil.\u_core.$sub$/home/bao/ECE410-HW4AI/project/m3/synth/v2005/kmeans_dist_core_pipelined.v:61$160 ($sub).
  creating $macc model for $flatten\u_axil.\u_core.$sub$/home/bao/ECE410-HW4AI/project/m3/synth/v2005/kmeans_dist_core_pipelined.v:61$165 ($sub).
  creating $macc model for $flatten\u_axil.\u_core.$sub$/home/bao/ECE410-HW4AI/project/m3/synth/v2005/kmeans_dist_core_pipelined.v:61$170 ($sub).
  creating $macc model for $flatten\u_axil.\u_core.$sub$/home/bao/ECE410-HW4AI/project/m3/synth/v2005/kmeans_dist_core_pipelined.v:61$175 ($sub).
  creating $macc model for $flatten\u_axil.\u_core.$sub$/home/bao/ECE410-HW4AI/project/m3/synth/v2005/kmeans_dist_core_pipelined.v:61$180 ($sub).
  creating $macc model for $flatten\u_axil.\u_core.$sub$/home/bao/ECE410-HW4AI/project/m3/synth/v2005/kmeans_dist_core_pipelined.v:61$185 ($sub).
  creating $macc model for $flatten\u_axil.\u_core.$sub$/home/bao/ECE410-HW4AI/project/m3/synth/v2005/kmeans_dist_core_pipelined.v:61$190 ($sub).
  creating $macc model for $flatten\u_axil.\u_core.$sub$/home/bao/ECE410-HW4AI/project/m3/synth/v2005/kmeans_dist_core_pipelined.v:61$195 ($sub).
  creating $macc model for $flatten\u_axil.\u_core.$sub$/home/bao/ECE410-HW4AI/project/m3/synth/v2005/kmeans_dist_core_pipelined.v:61$200 ($sub).
  creating $macc model for $flatten\u_axil.\u_core.$sub$/home/bao/ECE410-HW4AI/project/m3/synth/v2005/kmeans_dist_core_pipelined.v:61$205 ($sub).
  creating $macc model for $flatten\u_axil.\u_core.$sub$/home/bao/ECE410-HW4AI/project/m3/synth/v2005/kmeans_dist_core_pipelined.v:61$210 ($sub).
  creating $macc model for $flatten\u_axil.\u_core.$sub$/home/bao/ECE410-HW4AI/project/m3/synth/v2005/kmeans_dist_core_pipelined.v:61$215 ($sub).
  creating $macc model for $flatten\u_axil.\u_core.$sub$/home/bao/ECE410-HW4AI/project/m3/synth/v2005/kmeans_dist_core_pipelined.v:61$220 ($sub).
  creating $macc model for $flatten\u_axil.\u_core.$sub$/home/bao/ECE410-HW4AI/project/m3/synth/v2005/kmeans_dist_core_pipelined.v:61$225 ($sub).
  creating $macc model for $flatten\u_axil.\u_core.$sub$/home/bao/ECE410-HW4AI/project/m3/synth/v2005/kmeans_dist_core_pipelined.v:61$230 ($sub).
  creating $macc model for $flatten\u_axil.\u_core.$sub$/home/bao/ECE410-HW4AI/project/m3/synth/v2005/kmeans_dist_core_pipelined.v:61$235 ($sub).
  creating $macc model for $flatten\u_axil.\u_core.$sub$/home/bao/ECE410-HW4AI/project/m3/synth/v2005/kmeans_dist_core_pipelined.v:61$240 ($sub).
  creating $macc model for $flatten\u_axil.\u_core.$sub$/home/bao/ECE410-HW4AI/project/m3/synth/v2005/kmeans_dist_core_pipelined.v:61$245 ($sub).
  creating $macc model for $flatten\u_axil.\u_core.$sub$/home/bao/ECE410-HW4AI/project/m3/synth/v2005/kmeans_dist_core_pipelined.v:61$250 ($sub).
  creating $macc model for $flatten\u_axil.\u_core.$sub$/home/bao/ECE410-HW4AI/project/m3/synth/v2005/kmeans_dist_core_pipelined.v:61$255 ($sub).
  creating $macc model for $flatten\u_axil.\u_core.$sub$/home/bao/ECE410-HW4AI/project/m3/synth/v2005/kmeans_dist_core_pipelined.v:61$260 ($sub).
  creating $macc model for $flatten\u_axil.\u_core.$sub$/home/bao/ECE410-HW4AI/project/m3/synth/v2005/kmeans_dist_core_pipelined.v:61$265 ($sub).
  creating $macc model for $flatten\u_axil.\u_core.$sub$/home/bao/ECE410-HW4AI/project/m3/synth/v2005/kmeans_dist_core_pipelined.v:61$270 ($sub).
  creating $macc model for $flatten\u_axil.\u_core.$sub$/home/bao/ECE410-HW4AI/project/m3/synth/v2005/kmeans_dist_core_pipelined.v:61$275 ($sub).
  creating $macc model for $flatten\u_axil.\u_core.$sub$/home/bao/ECE410-HW4AI/project/m3/synth/v2005/kmeans_dist_core_pipelined.v:61$280 ($sub).
  creating $macc model for $flatten\u_axil.\u_core.$sub$/home/bao/ECE410-HW4AI/project/m3/synth/v2005/kmeans_dist_core_pipelined.v:61$285 ($sub).
  creating $macc model for $flatten\u_axil.\u_core.$sub$/home/bao/ECE410-HW4AI/project/m3/synth/v2005/kmeans_dist_core_pipelined.v:61$290 ($sub).
  creating $macc model for $flatten\u_axil.\u_core.$sub$/home/bao/ECE410-HW4AI/project/m3/synth/v2005/kmeans_dist_core_pipelined.v:61$295 ($sub).
  creating $macc model for $flatten\u_axil.\u_core.$sub$/home/bao/ECE410-HW4AI/project/m3/synth/v2005/kmeans_dist_core_pipelined.v:61$300 ($sub).
  creating $macc model for $flatten\u_axil.\u_core.$sub$/home/bao/ECE410-HW4AI/project/m3/synth/v2005/kmeans_dist_core_pipelined.v:61$305 ($sub).
  creating $macc model for $flatten\u_axil.\u_core.$sub$/home/bao/ECE410-HW4AI/project/m3/synth/v2005/kmeans_dist_core_pipelined.v:61$310 ($sub).
  creating $macc model for $flatten\u_axil.\u_core.$sub$/home/bao/ECE410-HW4AI/project/m3/synth/v2005/kmeans_dist_core_pipelined.v:61$75 ($sub).
  creating $macc model for $flatten\u_axil.\u_core.$sub$/home/bao/ECE410-HW4AI/project/m3/synth/v2005/kmeans_dist_core_pipelined.v:61$80 ($sub).
  creating $macc model for $flatten\u_axil.\u_core.$sub$/home/bao/ECE410-HW4AI/project/m3/synth/v2005/kmeans_dist_core_pipelined.v:61$85 ($sub).
  creating $macc model for $flatten\u_axil.\u_core.$sub$/home/bao/ECE410-HW4AI/project/m3/synth/v2005/kmeans_dist_core_pipelined.v:61$90 ($sub).
  creating $macc model for $flatten\u_axil.\u_core.$sub$/home/bao/ECE410-HW4AI/project/m3/synth/v2005/kmeans_dist_core_pipelined.v:61$95 ($sub).
  creating $macc model for $flatten\u_axil.\u_core.$sub$/home/bao/ECE410-HW4AI/project/m3/synth/v2005/kmeans_dist_core_pipelined.v:63$101 ($sub).
  creating $macc model for $flatten\u_axil.\u_core.$sub$/home/bao/ECE410-HW4AI/project/m3/synth/v2005/kmeans_dist_core_pipelined.v:63$106 ($sub).
  creating $macc model for $flatten\u_axil.\u_core.$sub$/home/bao/ECE410-HW4AI/project/m3/synth/v2005/kmeans_dist_core_pipelined.v:63$111 ($sub).
  creating $macc model for $flatten\u_axil.\u_core.$sub$/home/bao/ECE410-HW4AI/project/m3/synth/v2005/kmeans_dist_core_pipelined.v:63$116 ($sub).
  creating $macc model for $flatten\u_axil.\u_core.$sub$/home/bao/ECE410-HW4AI/project/m3/synth/v2005/kmeans_dist_core_pipelined.v:63$121 ($sub).
  creating $macc model for $flatten\u_axil.\u_core.$sub$/home/bao/ECE410-HW4AI/project/m3/synth/v2005/kmeans_dist_core_pipelined.v:63$126 ($sub).
  creating $macc model for $flatten\u_axil.\u_core.$sub$/home/bao/ECE410-HW4AI/project/m3/synth/v2005/kmeans_dist_core_pipelined.v:63$131 ($sub).
  creating $macc model for $flatten\u_axil.\u_core.$sub$/home/bao/ECE410-HW4AI/project/m3/synth/v2005/kmeans_dist_core_pipelined.v:63$136 ($sub).
  creating $macc model for $flatten\u_axil.\u_core.$sub$/home/bao/ECE410-HW4AI/project/m3/synth/v2005/kmeans_dist_core_pipelined.v:63$141 ($sub).
  creating $macc model for $flatten\u_axil.\u_core.$sub$/home/bao/ECE410-HW4AI/project/m3/synth/v2005/kmeans_dist_core_pipelined.v:63$146 ($sub).
  creating $macc model for $flatten\u_axil.\u_core.$sub$/home/bao/ECE410-HW4AI/project/m3/synth/v2005/kmeans_dist_core_pipelined.v:63$151 ($sub).
  creating $macc model for $flatten\u_axil.\u_core.$sub$/home/bao/ECE410-HW4AI/project/m3/synth/v2005/kmeans_dist_core_pipelined.v:63$156 ($sub).
  creating $macc model for $flatten\u_axil.\u_core.$sub$/home/bao/ECE410-HW4AI/project/m3/synth/v2005/kmeans_dist_core_pipelined.v:63$161 ($sub).
  creating $macc model for $flatten\u_axil.\u_core.$sub$/home/bao/ECE410-HW4AI/project/m3/synth/v2005/kmeans_dist_core_pipelined.v:63$166 ($sub).
  creating $macc model for $flatten\u_axil.\u_core.$sub$/home/bao/ECE410-HW4AI/project/m3/synth/v2005/kmeans_dist_core_pipelined.v:63$171 ($sub).
  creating $macc model for $flatten\u_axil.\u_core.$sub$/home/bao/ECE410-HW4AI/project/m3/synth/v2005/kmeans_dist_core_pipelined.v:63$176 ($sub).
  creating $macc model for $flatten\u_axil.\u_core.$sub$/home/bao/ECE410-HW4AI/project/m3/synth/v2005/kmeans_dist_core_pipelined.v:63$181 ($sub).
  creating $macc model for $flatten\u_axil.\u_core.$sub$/home/bao/ECE410-HW4AI/project/m3/synth/v2005/kmeans_dist_core_pipelined.v:63$186 ($sub).
  creating $macc model for $flatten\u_axil.\u_core.$sub$/home/bao/ECE410-HW4AI/project/m3/synth/v2005/kmeans_dist_core_pipelined.v:63$191 ($sub).
  creating $macc model for $flatten\u_axil.\u_core.$sub$/home/bao/ECE410-HW4AI/project/m3/synth/v2005/kmeans_dist_core_pipelined.v:63$196 ($sub).
  creating $macc model for $flatten\u_axil.\u_core.$sub$/home/bao/ECE410-HW4AI/project/m3/synth/v2005/kmeans_dist_core_pipelined.v:63$201 ($sub).
  creating $macc model for $flatten\u_axil.\u_core.$sub$/home/bao/ECE410-HW4AI/project/m3/synth/v2005/kmeans_dist_core_pipelined.v:63$206 ($sub).
  creating $macc model for $flatten\u_axil.\u_core.$sub$/home/bao/ECE410-HW4AI/project/m3/synth/v2005/kmeans_dist_core_pipelined.v:63$211 ($sub).
  creating $macc model for $flatten\u_axil.\u_core.$sub$/home/bao/ECE410-HW4AI/project/m3/synth/v2005/kmeans_dist_core_pipelined.v:63$216 ($sub).
  creating $macc model for $flatten\u_axil.\u_core.$sub$/home/bao/ECE410-HW4AI/project/m3/synth/v2005/kmeans_dist_core_pipelined.v:63$221 ($sub).
  creating $macc model for $flatten\u_axil.\u_core.$sub$/home/bao/ECE410-HW4AI/project/m3/synth/v2005/kmeans_dist_core_pipelined.v:63$226 ($sub).
  creating $macc model for $flatten\u_axil.\u_core.$sub$/home/bao/ECE410-HW4AI/project/m3/synth/v2005/kmeans_dist_core_pipelined.v:63$231 ($sub).
  creating $macc model for $flatten\u_axil.\u_core.$sub$/home/bao/ECE410-HW4AI/project/m3/synth/v2005/kmeans_dist_core_pipelined.v:63$236 ($sub).
  creating $macc model for $flatten\u_axil.\u_core.$sub$/home/bao/ECE410-HW4AI/project/m3/synth/v2005/kmeans_dist_core_pipelined.v:63$241 ($sub).
  creating $macc model for $flatten\u_axil.\u_core.$sub$/home/bao/ECE410-HW4AI/project/m3/synth/v2005/kmeans_dist_core_pipelined.v:63$246 ($sub).
  creating $macc model for $flatten\u_axil.\u_core.$sub$/home/bao/ECE410-HW4AI/project/m3/synth/v2005/kmeans_dist_core_pipelined.v:63$251 ($sub).
  creating $macc model for $flatten\u_axil.\u_core.$sub$/home/bao/ECE410-HW4AI/project/m3/synth/v2005/kmeans_dist_core_pipelined.v:63$256 ($sub).
  creating $macc model for $flatten\u_axil.\u_core.$sub$/home/bao/ECE410-HW4AI/project/m3/synth/v2005/kmeans_dist_core_pipelined.v:63$261 ($sub).
  creating $macc model for $flatten\u_axil.\u_core.$sub$/home/bao/ECE410-HW4AI/project/m3/synth/v2005/kmeans_dist_core_pipelined.v:63$266 ($sub).
  creating $macc model for $flatten\u_axil.\u_core.$sub$/home/bao/ECE410-HW4AI/project/m3/synth/v2005/kmeans_dist_core_pipelined.v:63$271 ($sub).
  creating $macc model for $flatten\u_axil.\u_core.$sub$/home/bao/ECE410-HW4AI/project/m3/synth/v2005/kmeans_dist_core_pipelined.v:63$276 ($sub).
  creating $macc model for $flatten\u_axil.\u_core.$sub$/home/bao/ECE410-HW4AI/project/m3/synth/v2005/kmeans_dist_core_pipelined.v:63$281 ($sub).
  creating $macc model for $flatten\u_axil.\u_core.$sub$/home/bao/ECE410-HW4AI/project/m3/synth/v2005/kmeans_dist_core_pipelined.v:63$286 ($sub).
  creating $macc model for $flatten\u_axil.\u_core.$sub$/home/bao/ECE410-HW4AI/project/m3/synth/v2005/kmeans_dist_core_pipelined.v:63$291 ($sub).
  creating $macc model for $flatten\u_axil.\u_core.$sub$/home/bao/ECE410-HW4AI/project/m3/synth/v2005/kmeans_dist_core_pipelined.v:63$296 ($sub).
  creating $macc model for $flatten\u_axil.\u_core.$sub$/home/bao/ECE410-HW4AI/project/m3/synth/v2005/kmeans_dist_core_pipelined.v:63$301 ($sub).
  creating $macc model for $flatten\u_axil.\u_core.$sub$/home/bao/ECE410-HW4AI/project/m3/synth/v2005/kmeans_dist_core_pipelined.v:63$306 ($sub).
  creating $macc model for $flatten\u_axil.\u_core.$sub$/home/bao/ECE410-HW4AI/project/m3/synth/v2005/kmeans_dist_core_pipelined.v:63$311 ($sub).
  creating $macc model for $flatten\u_axil.\u_core.$sub$/home/bao/ECE410-HW4AI/project/m3/synth/v2005/kmeans_dist_core_pipelined.v:63$76 ($sub).
  creating $macc model for $flatten\u_axil.\u_core.$sub$/home/bao/ECE410-HW4AI/project/m3/synth/v2005/kmeans_dist_core_pipelined.v:63$81 ($sub).
  creating $macc model for $flatten\u_axil.\u_core.$sub$/home/bao/ECE410-HW4AI/project/m3/synth/v2005/kmeans_dist_core_pipelined.v:63$86 ($sub).
  creating $macc model for $flatten\u_axil.\u_core.$sub$/home/bao/ECE410-HW4AI/project/m3/synth/v2005/kmeans_dist_core_pipelined.v:63$91 ($sub).
  creating $macc model for $flatten\u_axil.\u_core.$sub$/home/bao/ECE410-HW4AI/project/m3/synth/v2005/kmeans_dist_core_pipelined.v:63$96 ($sub).
  merging $macc model for $flatten\u_axil.\u_core.$add$/home/bao/ECE410-HW4AI/project/m3/synth/v2005/kmeans_dist_core_pipelined.v:64$83 into $flatten\u_axil.\u_core.$add$/home/bao/ECE410-HW4AI/project/m3/synth/v2005/kmeans_dist_core_pipelined.v:64$88.
  merging $macc model for $flatten\u_axil.\u_core.$add$/home/bao/ECE410-HW4AI/project/m3/synth/v2005/kmeans_dist_core_pipelined.v:64$308 into $flatten\u_axil.\u_core.$add$/home/bao/ECE410-HW4AI/project/m3/synth/v2005/kmeans_dist_core_pipelined.v:64$313.
  merging $macc model for $flatten\u_axil.\u_core.$add$/home/bao/ECE410-HW4AI/project/m3/synth/v2005/kmeans_dist_core_pipelined.v:64$293 into $flatten\u_axil.\u_core.$add$/home/bao/ECE410-HW4AI/project/m3/synth/v2005/kmeans_dist_core_pipelined.v:64$298.
  merging $macc model for $flatten\u_axil.\u_core.$add$/home/bao/ECE410-HW4AI/project/m3/synth/v2005/kmeans_dist_core_pipelined.v:64$278 into $flatten\u_axil.\u_core.$add$/home/bao/ECE410-HW4AI/project/m3/synth/v2005/kmeans_dist_core_pipelined.v:64$283.
  merging $macc model for $flatten\u_axil.\u_core.$add$/home/bao/ECE410-HW4AI/project/m3/synth/v2005/kmeans_dist_core_pipelined.v:64$263 into $flatten\u_axil.\u_core.$add$/home/bao/ECE410-HW4AI/project/m3/synth/v2005/kmeans_dist_core_pipelined.v:64$268.
  merging $macc model for $flatten\u_axil.\u_core.$add$/home/bao/ECE410-HW4AI/project/m3/synth/v2005/kmeans_dist_core_pipelined.v:64$248 into $flatten\u_axil.\u_core.$add$/home/bao/ECE410-HW4AI/project/m3/synth/v2005/kmeans_dist_core_pipelined.v:64$253.
  merging $macc model for $flatten\u_axil.\u_core.$add$/home/bao/ECE410-HW4AI/project/m3/synth/v2005/kmeans_dist_core_pipelined.v:64$233 into $flatten\u_axil.\u_core.$add$/home/bao/ECE410-HW4AI/project/m3/synth/v2005/kmeans_dist_core_pipelined.v:64$238.
  merging $macc model for $flatten\u_axil.\u_core.$add$/home/bao/ECE410-HW4AI/project/m3/synth/v2005/kmeans_dist_core_pipelined.v:64$218 into $flatten\u_axil.\u_core.$add$/home/bao/ECE410-HW4AI/project/m3/synth/v2005/kmeans_dist_core_pipelined.v:64$223.
  merging $macc model for $flatten\u_axil.\u_core.$add$/home/bao/ECE410-HW4AI/project/m3/synth/v2005/kmeans_dist_core_pipelined.v:64$203 into $flatten\u_axil.\u_core.$add$/home/bao/ECE410-HW4AI/project/m3/synth/v2005/kmeans_dist_core_pipelined.v:64$208.
  merging $macc model for $flatten\u_axil.\u_core.$add$/home/bao/ECE410-HW4AI/project/m3/synth/v2005/kmeans_dist_core_pipelined.v:64$188 into $flatten\u_axil.\u_core.$add$/home/bao/ECE410-HW4AI/project/m3/synth/v2005/kmeans_dist_core_pipelined.v:64$193.
  merging $macc model for $flatten\u_axil.\u_core.$add$/home/bao/ECE410-HW4AI/project/m3/synth/v2005/kmeans_dist_core_pipelined.v:64$173 into $flatten\u_axil.\u_core.$add$/home/bao/ECE410-HW4AI/project/m3/synth/v2005/kmeans_dist_core_pipelined.v:64$178.
  merging $macc model for $flatten\u_axil.\u_core.$add$/home/bao/ECE410-HW4AI/project/m3/synth/v2005/kmeans_dist_core_pipelined.v:64$158 into $flatten\u_axil.\u_core.$add$/home/bao/ECE410-HW4AI/project/m3/synth/v2005/kmeans_dist_core_pipelined.v:64$163.
  merging $macc model for $flatten\u_axil.\u_core.$add$/home/bao/ECE410-HW4AI/project/m3/synth/v2005/kmeans_dist_core_pipelined.v:64$143 into $flatten\u_axil.\u_core.$add$/home/bao/ECE410-HW4AI/project/m3/synth/v2005/kmeans_dist_core_pipelined.v:64$148.
  merging $macc model for $flatten\u_axil.\u_core.$add$/home/bao/ECE410-HW4AI/project/m3/synth/v2005/kmeans_dist_core_pipelined.v:64$128 into $flatten\u_axil.\u_core.$add$/home/bao/ECE410-HW4AI/project/m3/synth/v2005/kmeans_dist_core_pipelined.v:64$133.
  merging $macc model for $flatten\u_axil.\u_core.$add$/home/bao/ECE410-HW4AI/project/m3/synth/v2005/kmeans_dist_core_pipelined.v:64$113 into $flatten\u_axil.\u_core.$add$/home/bao/ECE410-HW4AI/project/m3/synth/v2005/kmeans_dist_core_pipelined.v:64$118.
  merging $macc model for $flatten\u_axil.\u_core.$add$/home/bao/ECE410-HW4AI/project/m3/synth/v2005/kmeans_dist_core_pipelined.v:64$98 into $flatten\u_axil.\u_core.$add$/home/bao/ECE410-HW4AI/project/m3/synth/v2005/kmeans_dist_core_pipelined.v:64$103.
  creating $alu model for $macc $flatten\u_axil.\u_core.$sub$/home/bao/ECE410-HW4AI/project/m3/synth/v2005/kmeans_dist_core_pipelined.v:63$256.
  creating $alu model for $macc $flatten\u_axil.\u_core.$sub$/home/bao/ECE410-HW4AI/project/m3/synth/v2005/kmeans_dist_core_pipelined.v:63$251.
  creating $alu model for $macc $flatten\u_axil.\u_core.$sub$/home/bao/ECE410-HW4AI/project/m3/synth/v2005/kmeans_dist_core_pipelined.v:63$246.
  creating $alu model for $macc $flatten\u_axil.\u_core.$sub$/home/bao/ECE410-HW4AI/project/m3/synth/v2005/kmeans_dist_core_pipelined.v:63$241.
  creating $alu model for $macc $flatten\u_axil.\u_core.$sub$/home/bao/ECE410-HW4AI/project/m3/synth/v2005/kmeans_dist_core_pipelined.v:63$236.
  creating $alu model for $macc $flatten\u_axil.\u_core.$sub$/home/bao/ECE410-HW4AI/project/m3/synth/v2005/kmeans_dist_core_pipelined.v:63$231.
  creating $alu model for $macc $flatten\u_axil.\u_core.$sub$/home/bao/ECE410-HW4AI/project/m3/synth/v2005/kmeans_dist_core_pipelined.v:63$226.
  creating $alu model for $macc $flatten\u_axil.\u_core.$sub$/home/bao/ECE410-HW4AI/project/m3/synth/v2005/kmeans_dist_core_pipelined.v:63$221.
  creating $alu model for $macc $flatten\u_axil.\u_core.$sub$/home/bao/ECE410-HW4AI/project/m3/synth/v2005/kmeans_dist_core_pipelined.v:63$216.
  creating $alu model for $macc $flatten\u_axil.\u_core.$sub$/home/bao/ECE410-HW4AI/project/m3/synth/v2005/kmeans_dist_core_pipelined.v:63$211.
  creating $alu model for $macc $flatten\u_axil.\u_core.$sub$/home/bao/ECE410-HW4AI/project/m3/synth/v2005/kmeans_dist_core_pipelined.v:63$206.
  creating $alu model for $macc $flatten\u_axil.\u_core.$sub$/home/bao/ECE410-HW4AI/project/m3/synth/v2005/kmeans_dist_core_pipelined.v:63$201.
  creating $alu model for $macc $flatten\u_axil.\u_core.$sub$/home/bao/ECE410-HW4AI/project/m3/synth/v2005/kmeans_dist_core_pipelined.v:63$196.
  creating $alu model for $macc $flatten\u_axil.\u_core.$sub$/home/bao/ECE410-HW4AI/project/m3/synth/v2005/kmeans_dist_core_pipelined.v:63$191.
  creating $alu model for $macc $flatten\u_axil.\u_core.$sub$/home/bao/ECE410-HW4AI/project/m3/synth/v2005/kmeans_dist_core_pipelined.v:63$186.
  creating $alu model for $macc $flatten\u_axil.\u_core.$sub$/home/bao/ECE410-HW4AI/project/m3/synth/v2005/kmeans_dist_core_pipelined.v:63$181.
  creating $alu model for $macc $flatten\u_axil.\u_core.$sub$/home/bao/ECE410-HW4AI/project/m3/synth/v2005/kmeans_dist_core_pipelined.v:63$176.
  creating $alu model for $macc $flatten\u_axil.\u_core.$sub$/home/bao/ECE410-HW4AI/project/m3/synth/v2005/kmeans_dist_core_pipelined.v:63$171.
  creating $alu model for $macc $flatten\u_axil.\u_core.$sub$/home/bao/ECE410-HW4AI/project/m3/synth/v2005/kmeans_dist_core_pipelined.v:63$166.
  creating $alu model for $macc $flatten\u_axil.\u_core.$sub$/home/bao/ECE410-HW4AI/project/m3/synth/v2005/kmeans_dist_core_pipelined.v:63$161.
  creating $alu model for $macc $flatten\u_axil.\u_core.$sub$/home/bao/ECE410-HW4AI/project/m3/synth/v2005/kmeans_dist_core_pipelined.v:63$156.
  creating $alu model for $macc $flatten\u_axil.\u_core.$sub$/home/bao/ECE410-HW4AI/project/m3/synth/v2005/kmeans_dist_core_pipelined.v:63$151.
  creating $alu model for $macc $flatten\u_axil.\u_core.$sub$/home/bao/ECE410-HW4AI/project/m3/synth/v2005/kmeans_dist_core_pipelined.v:63$146.
  creating $alu model for $macc $flatten\u_axil.\u_core.$sub$/home/bao/ECE410-HW4AI/project/m3/synth/v2005/kmeans_dist_core_pipelined.v:63$141.
  creating $alu model for $macc $flatten\u_axil.\u_core.$sub$/home/bao/ECE410-HW4AI/project/m3/synth/v2005/kmeans_dist_core_pipelined.v:63$136.
  creating $alu model for $macc $flatten\u_axil.\u_core.$sub$/home/bao/ECE410-HW4AI/project/m3/synth/v2005/kmeans_dist_core_pipelined.v:63$131.
  creating $alu model for $macc $flatten\u_axil.\u_core.$sub$/home/bao/ECE410-HW4AI/project/m3/synth/v2005/kmeans_dist_core_pipelined.v:63$126.
  creating $alu model for $macc $flatten\u_axil.\u_core.$sub$/home/bao/ECE410-HW4AI/project/m3/synth/v2005/kmeans_dist_core_pipelined.v:63$121.
  creating $alu model for $macc $flatten\u_axil.\u_core.$sub$/home/bao/ECE410-HW4AI/project/m3/synth/v2005/kmeans_dist_core_pipelined.v:63$116.
  creating $alu model for $macc $flatten\u_axil.\u_core.$sub$/home/bao/ECE410-HW4AI/project/m3/synth/v2005/kmeans_dist_core_pipelined.v:63$111.
  creating $alu model for $macc $flatten\u_axil.\u_core.$sub$/home/bao/ECE410-HW4AI/project/m3/synth/v2005/kmeans_dist_core_pipelined.v:63$106.
  creating $alu model for $macc $flatten\u_axil.\u_core.$sub$/home/bao/ECE410-HW4AI/project/m3/synth/v2005/kmeans_dist_core_pipelined.v:63$101.
  creating $alu model for $macc $flatten\u_axil.\u_core.$sub$/home/bao/ECE410-HW4AI/project/m3/synth/v2005/kmeans_dist_core_pipelined.v:61$95.
  creating $alu model for $macc $flatten\u_axil.\u_core.$sub$/home/bao/ECE410-HW4AI/project/m3/synth/v2005/kmeans_dist_core_pipelined.v:61$90.
  creating $alu model for $macc $flatten\u_axil.\u_core.$sub$/home/bao/ECE410-HW4AI/project/m3/synth/v2005/kmeans_dist_core_pipelined.v:61$85.
  creating $alu model for $macc $flatten\u_axil.\u_core.$sub$/home/bao/ECE410-HW4AI/project/m3/synth/v2005/kmeans_dist_core_pipelined.v:61$80.
  creating $alu model for $macc $flatten\u_axil.\u_core.$sub$/home/bao/ECE410-HW4AI/project/m3/synth/v2005/kmeans_dist_core_pipelined.v:61$75.
  creating $alu model for $macc $flatten\u_axil.\u_core.$sub$/home/bao/ECE410-HW4AI/project/m3/synth/v2005/kmeans_dist_core_pipelined.v:61$310.
  creating $alu model for $macc $flatten\u_axil.\u_core.$sub$/home/bao/ECE410-HW4AI/project/m3/synth/v2005/kmeans_dist_core_pipelined.v:61$305.
  creating $alu model for $macc $flatten\u_axil.\u_core.$sub$/home/bao/ECE410-HW4AI/project/m3/synth/v2005/kmeans_dist_core_pipelined.v:61$300.
  creating $alu model for $macc $flatten\u_axil.\u_core.$sub$/home/bao/ECE410-HW4AI/project/m3/synth/v2005/kmeans_dist_core_pipelined.v:61$295.
  creating $alu model for $macc $flatten\u_axil.\u_core.$sub$/home/bao/ECE410-HW4AI/project/m3/synth/v2005/kmeans_dist_core_pipelined.v:61$290.
  creating $alu model for $macc $flatten\u_axil.\u_core.$sub$/home/bao/ECE410-HW4AI/project/m3/synth/v2005/kmeans_dist_core_pipelined.v:61$285.
  creating $alu model for $macc $flatten\u_axil.\u_core.$sub$/home/bao/ECE410-HW4AI/project/m3/synth/v2005/kmeans_dist_core_pipelined.v:61$280.
  creating $alu model for $macc $flatten\u_axil.\u_core.$sub$/home/bao/ECE410-HW4AI/project/m3/synth/v2005/kmeans_dist_core_pipelined.v:61$275.
  creating $alu model for $macc $flatten\u_axil.\u_core.$sub$/home/bao/ECE410-HW4AI/project/m3/synth/v2005/kmeans_dist_core_pipelined.v:61$270.
  creating $alu model for $macc $flatten\u_axil.\u_core.$sub$/home/bao/ECE410-HW4AI/project/m3/synth/v2005/kmeans_dist_core_pipelined.v:61$265.
  creating $alu model for $macc $flatten\u_axil.\u_core.$sub$/home/bao/ECE410-HW4AI/project/m3/synth/v2005/kmeans_dist_core_pipelined.v:61$260.
  creating $alu model for $macc $flatten\u_axil.\u_core.$sub$/home/bao/ECE410-HW4AI/project/m3/synth/v2005/kmeans_dist_core_pipelined.v:61$255.
  creating $alu model for $macc $flatten\u_axil.\u_core.$sub$/home/bao/ECE410-HW4AI/project/m3/synth/v2005/kmeans_dist_core_pipelined.v:61$250.
  creating $alu model for $macc $flatten\u_axil.\u_core.$sub$/home/bao/ECE410-HW4AI/project/m3/synth/v2005/kmeans_dist_core_pipelined.v:61$245.
  creating $alu model for $macc $flatten\u_axil.\u_core.$sub$/home/bao/ECE410-HW4AI/project/m3/synth/v2005/kmeans_dist_core_pipelined.v:61$240.
  creating $alu model for $macc $flatten\u_axil.\u_core.$sub$/home/bao/ECE410-HW4AI/project/m3/synth/v2005/kmeans_dist_core_pipelined.v:61$235.
  creating $alu model for $macc $flatten\u_axil.\u_core.$sub$/home/bao/ECE410-HW4AI/project/m3/synth/v2005/kmeans_dist_core_pipelined.v:61$230.
  creating $alu model for $macc $flatten\u_axil.\u_core.$sub$/home/bao/ECE410-HW4AI/project/m3/synth/v2005/kmeans_dist_core_pipelined.v:61$225.
  creating $alu model for $macc $flatten\u_axil.\u_core.$sub$/home/bao/ECE410-HW4AI/project/m3/synth/v2005/kmeans_dist_core_pipelined.v:61$220.
  creating $alu model for $macc $flatten\u_axil.\u_core.$sub$/home/bao/ECE410-HW4AI/project/m3/synth/v2005/kmeans_dist_core_pipelined.v:61$215.
  creating $alu model for $macc $flatten\u_axil.\u_core.$sub$/home/bao/ECE410-HW4AI/project/m3/synth/v2005/kmeans_dist_core_pipelined.v:61$210.
  creating $alu model for $macc $flatten\u_axil.\u_core.$sub$/home/bao/ECE410-HW4AI/project/m3/synth/v2005/kmeans_dist_core_pipelined.v:61$205.
  creating $alu model for $macc $flatten\u_axil.\u_core.$sub$/home/bao/ECE410-HW4AI/project/m3/synth/v2005/kmeans_dist_core_pipelined.v:61$200.
  creating $alu model for $macc $flatten\u_axil.\u_core.$sub$/home/bao/ECE410-HW4AI/project/m3/synth/v2005/kmeans_dist_core_pipelined.v:61$195.
  creating $alu model for $macc $flatten\u_axil.\u_core.$sub$/home/bao/ECE410-HW4AI/project/m3/synth/v2005/kmeans_dist_core_pipelined.v:61$190.
  creating $alu model for $macc $flatten\u_axil.\u_core.$sub$/home/bao/ECE410-HW4AI/project/m3/synth/v2005/kmeans_dist_core_pipelined.v:61$185.
  creating $alu model for $macc $flatten\u_axil.\u_core.$sub$/home/bao/ECE410-HW4AI/project/m3/synth/v2005/kmeans_dist_core_pipelined.v:61$180.
  creating $alu model for $macc $flatten\u_axil.\u_core.$sub$/home/bao/ECE410-HW4AI/project/m3/synth/v2005/kmeans_dist_core_pipelined.v:61$175.
  creating $alu model for $macc $flatten\u_axil.\u_core.$sub$/home/bao/ECE410-HW4AI/project/m3/synth/v2005/kmeans_dist_core_pipelined.v:61$170.
  creating $alu model for $macc $flatten\u_axil.\u_core.$sub$/home/bao/ECE410-HW4AI/project/m3/synth/v2005/kmeans_dist_core_pipelined.v:61$165.
  creating $alu model for $macc $flatten\u_axil.\u_core.$sub$/home/bao/ECE410-HW4AI/project/m3/synth/v2005/kmeans_dist_core_pipelined.v:61$160.
  creating $alu model for $macc $flatten\u_axil.\u_core.$sub$/home/bao/ECE410-HW4AI/project/m3/synth/v2005/kmeans_dist_core_pipelined.v:61$155.
  creating $alu model for $macc $flatten\u_axil.\u_core.$sub$/home/bao/ECE410-HW4AI/project/m3/synth/v2005/kmeans_dist_core_pipelined.v:61$150.
  creating $alu model for $macc $flatten\u_axil.\u_core.$sub$/home/bao/ECE410-HW4AI/project/m3/synth/v2005/kmeans_dist_core_pipelined.v:61$145.
  creating $alu model for $macc $flatten\u_axil.\u_core.$sub$/home/bao/ECE410-HW4AI/project/m3/synth/v2005/kmeans_dist_core_pipelined.v:61$140.
  creating $alu model for $macc $flatten\u_axil.\u_core.$sub$/home/bao/ECE410-HW4AI/project/m3/synth/v2005/kmeans_dist_core_pipelined.v:61$135.
  creating $alu model for $macc $flatten\u_axil.\u_core.$sub$/home/bao/ECE410-HW4AI/project/m3/synth/v2005/kmeans_dist_core_pipelined.v:61$130.
  creating $alu model for $macc $flatten\u_axil.\u_core.$sub$/home/bao/ECE410-HW4AI/project/m3/synth/v2005/kmeans_dist_core_pipelined.v:61$125.
  creating $alu model for $macc $flatten\u_axil.\u_core.$sub$/home/bao/ECE410-HW4AI/project/m3/synth/v2005/kmeans_dist_core_pipelined.v:61$120.
  creating $alu model for $macc $flatten\u_axil.\u_core.$sub$/home/bao/ECE410-HW4AI/project/m3/synth/v2005/kmeans_dist_core_pipelined.v:61$115.
  creating $alu model for $macc $flatten\u_axil.\u_core.$sub$/home/bao/ECE410-HW4AI/project/m3/synth/v2005/kmeans_dist_core_pipelined.v:61$110.
  creating $alu model for $macc $flatten\u_axil.\u_core.$sub$/home/bao/ECE410-HW4AI/project/m3/synth/v2005/kmeans_dist_core_pipelined.v:61$105.
  creating $alu model for $macc $flatten\u_axil.\u_core.$sub$/home/bao/ECE410-HW4AI/project/m3/synth/v2005/kmeans_dist_core_pipelined.v:61$100.
  creating $alu model for $macc $flatten\u_axil.\u_core.$sub$/home/bao/ECE410-HW4AI/project/m3/synth/v2005/kmeans_dist_core_pipelined.v:63$96.
  creating $alu model for $macc $flatten\u_axil.\u_core.$sub$/home/bao/ECE410-HW4AI/project/m3/synth/v2005/kmeans_dist_core_pipelined.v:63$261.
  creating $alu model for $macc $flatten\u_axil.\u_core.$sub$/home/bao/ECE410-HW4AI/project/m3/synth/v2005/kmeans_dist_core_pipelined.v:63$266.
  creating $alu model for $macc $flatten\u_axil.\u_core.$sub$/home/bao/ECE410-HW4AI/project/m3/synth/v2005/kmeans_dist_core_pipelined.v:63$271.
  creating $alu model for $macc $flatten\u_axil.\u_core.$sub$/home/bao/ECE410-HW4AI/project/m3/synth/v2005/kmeans_dist_core_pipelined.v:63$276.
  creating $alu model for $macc $flatten\u_axil.\u_core.$sub$/home/bao/ECE410-HW4AI/project/m3/synth/v2005/kmeans_dist_core_pipelined.v:63$281.
  creating $alu model for $macc $flatten\u_axil.\u_core.$sub$/home/bao/ECE410-HW4AI/project/m3/synth/v2005/kmeans_dist_core_pipelined.v:63$286.
  creating $alu model for $macc $flatten\u_axil.\u_core.$sub$/home/bao/ECE410-HW4AI/project/m3/synth/v2005/kmeans_dist_core_pipelined.v:63$291.
  creating $alu model for $macc $flatten\u_axil.\u_core.$sub$/home/bao/ECE410-HW4AI/project/m3/synth/v2005/kmeans_dist_core_pipelined.v:63$296.
  creating $alu model for $macc $flatten\u_axil.\u_core.$sub$/home/bao/ECE410-HW4AI/project/m3/synth/v2005/kmeans_dist_core_pipelined.v:63$301.
  creating $alu model for $macc $flatten\u_axil.\u_core.$sub$/home/bao/ECE410-HW4AI/project/m3/synth/v2005/kmeans_dist_core_pipelined.v:63$306.
  creating $alu model for $macc $flatten\u_axil.\u_core.$sub$/home/bao/ECE410-HW4AI/project/m3/synth/v2005/kmeans_dist_core_pipelined.v:63$311.
  creating $alu model for $macc $flatten\u_axil.\u_core.$sub$/home/bao/ECE410-HW4AI/project/m3/synth/v2005/kmeans_dist_core_pipelined.v:63$76.
  creating $alu model for $macc $flatten\u_axil.\u_core.$sub$/home/bao/ECE410-HW4AI/project/m3/synth/v2005/kmeans_dist_core_pipelined.v:63$81.
  creating $alu model for $macc $flatten\u_axil.\u_core.$sub$/home/bao/ECE410-HW4AI/project/m3/synth/v2005/kmeans_dist_core_pipelined.v:63$86.
  creating $alu model for $macc $flatten\u_axil.\u_core.$sub$/home/bao/ECE410-HW4AI/project/m3/synth/v2005/kmeans_dist_core_pipelined.v:63$91.
  creating $macc cell for $flatten\u_axil.\u_core.$mul$/home/bao/ECE410-HW4AI/project/m3/synth/v2005/kmeans_dist_core_pipelined.v:65$257: $auto$alumacc.cc:365:replace_macc$2146
  creating $macc cell for $flatten\u_axil.\u_core.$mul$/home/bao/ECE410-HW4AI/project/m3/synth/v2005/kmeans_dist_core_pipelined.v:65$252: $auto$alumacc.cc:365:replace_macc$2147
  creating $macc cell for $flatten\u_axil.\u_core.$mul$/home/bao/ECE410-HW4AI/project/m3/synth/v2005/kmeans_dist_core_pipelined.v:65$247: $auto$alumacc.cc:365:replace_macc$2148
  creating $macc cell for $flatten\u_axil.\u_core.$mul$/home/bao/ECE410-HW4AI/project/m3/synth/v2005/kmeans_dist_core_pipelined.v:65$242: $auto$alumacc.cc:365:replace_macc$2149
  creating $macc cell for $flatten\u_axil.\u_core.$mul$/home/bao/ECE410-HW4AI/project/m3/synth/v2005/kmeans_dist_core_pipelined.v:65$237: $auto$alumacc.cc:365:replace_macc$2150
  creating $macc cell for $flatten\u_axil.\u_core.$mul$/home/bao/ECE410-HW4AI/project/m3/synth/v2005/kmeans_dist_core_pipelined.v:65$232: $auto$alumacc.cc:365:replace_macc$2151
  creating $macc cell for $flatten\u_axil.\u_core.$mul$/home/bao/ECE410-HW4AI/project/m3/synth/v2005/kmeans_dist_core_pipelined.v:65$227: $auto$alumacc.cc:365:replace_macc$2152
  creating $macc cell for $flatten\u_axil.\u_core.$mul$/home/bao/ECE410-HW4AI/project/m3/synth/v2005/kmeans_dist_core_pipelined.v:65$222: $auto$alumacc.cc:365:replace_macc$2153
  creating $macc cell for $flatten\u_axil.\u_core.$mul$/home/bao/ECE410-HW4AI/project/m3/synth/v2005/kmeans_dist_core_pipelined.v:65$217: $auto$alumacc.cc:365:replace_macc$2154
  creating $macc cell for $flatten\u_axil.\u_core.$mul$/home/bao/ECE410-HW4AI/project/m3/synth/v2005/kmeans_dist_core_pipelined.v:65$212: $auto$alumacc.cc:365:replace_macc$2155
  creating $macc cell for $flatten\u_axil.\u_core.$mul$/home/bao/ECE410-HW4AI/project/m3/synth/v2005/kmeans_dist_core_pipelined.v:65$207: $auto$alumacc.cc:365:replace_macc$2156
  creating $macc cell for $flatten\u_axil.\u_core.$mul$/home/bao/ECE410-HW4AI/project/m3/synth/v2005/kmeans_dist_core_pipelined.v:65$202: $auto$alumacc.cc:365:replace_macc$2157
  creating $macc cell for $flatten\u_axil.\u_core.$mul$/home/bao/ECE410-HW4AI/project/m3/synth/v2005/kmeans_dist_core_pipelined.v:65$197: $auto$alumacc.cc:365:replace_macc$2158
  creating $macc cell for $flatten\u_axil.\u_core.$mul$/home/bao/ECE410-HW4AI/project/m3/synth/v2005/kmeans_dist_core_pipelined.v:65$192: $auto$alumacc.cc:365:replace_macc$2159
  creating $macc cell for $flatten\u_axil.\u_core.$mul$/home/bao/ECE410-HW4AI/project/m3/synth/v2005/kmeans_dist_core_pipelined.v:65$187: $auto$alumacc.cc:365:replace_macc$2160
  creating $macc cell for $flatten\u_axil.\u_core.$mul$/home/bao/ECE410-HW4AI/project/m3/synth/v2005/kmeans_dist_core_pipelined.v:65$182: $auto$alumacc.cc:365:replace_macc$2161
  creating $macc cell for $flatten\u_axil.\u_core.$mul$/home/bao/ECE410-HW4AI/project/m3/synth/v2005/kmeans_dist_core_pipelined.v:65$177: $auto$alumacc.cc:365:replace_macc$2162
  creating $macc cell for $flatten\u_axil.\u_core.$mul$/home/bao/ECE410-HW4AI/project/m3/synth/v2005/kmeans_dist_core_pipelined.v:65$172: $auto$alumacc.cc:365:replace_macc$2163
  creating $macc cell for $flatten\u_axil.\u_core.$mul$/home/bao/ECE410-HW4AI/project/m3/synth/v2005/kmeans_dist_core_pipelined.v:65$167: $auto$alumacc.cc:365:replace_macc$2164
  creating $macc cell for $flatten\u_axil.\u_core.$mul$/home/bao/ECE410-HW4AI/project/m3/synth/v2005/kmeans_dist_core_pipelined.v:65$162: $auto$alumacc.cc:365:replace_macc$2165
  creating $macc cell for $flatten\u_axil.\u_core.$mul$/home/bao/ECE410-HW4AI/project/m3/synth/v2005/kmeans_dist_core_pipelined.v:65$157: $auto$alumacc.cc:365:replace_macc$2166
  creating $macc cell for $flatten\u_axil.\u_core.$mul$/home/bao/ECE410-HW4AI/project/m3/synth/v2005/kmeans_dist_core_pipelined.v:65$152: $auto$alumacc.cc:365:replace_macc$2167
  creating $macc cell for $flatten\u_axil.\u_core.$mul$/home/bao/ECE410-HW4AI/project/m3/synth/v2005/kmeans_dist_core_pipelined.v:65$147: $auto$alumacc.cc:365:replace_macc$2168
  creating $macc cell for $flatten\u_axil.\u_core.$mul$/home/bao/ECE410-HW4AI/project/m3/synth/v2005/kmeans_dist_core_pipelined.v:65$142: $auto$alumacc.cc:365:replace_macc$2169
  creating $macc cell for $flatten\u_axil.\u_core.$mul$/home/bao/ECE410-HW4AI/project/m3/synth/v2005/kmeans_dist_core_pipelined.v:65$137: $auto$alumacc.cc:365:replace_macc$2170
  creating $macc cell for $flatten\u_axil.\u_core.$mul$/home/bao/ECE410-HW4AI/project/m3/synth/v2005/kmeans_dist_core_pipelined.v:65$132: $auto$alumacc.cc:365:replace_macc$2171
  creating $macc cell for $flatten\u_axil.\u_core.$mul$/home/bao/ECE410-HW4AI/project/m3/synth/v2005/kmeans_dist_core_pipelined.v:65$127: $auto$alumacc.cc:365:replace_macc$2172
  creating $macc cell for $flatten\u_axil.\u_core.$mul$/home/bao/ECE410-HW4AI/project/m3/synth/v2005/kmeans_dist_core_pipelined.v:65$122: $auto$alumacc.cc:365:replace_macc$2173
  creating $macc cell for $flatten\u_axil.\u_core.$mul$/home/bao/ECE410-HW4AI/project/m3/synth/v2005/kmeans_dist_core_pipelined.v:65$117: $auto$alumacc.cc:365:replace_macc$2174
  creating $macc cell for $flatten\u_axil.\u_core.$mul$/home/bao/ECE410-HW4AI/project/m3/synth/v2005/kmeans_dist_core_pipelined.v:65$112: $auto$alumacc.cc:365:replace_macc$2175
  creating $macc cell for $flatten\u_axil.\u_core.$mul$/home/bao/ECE410-HW4AI/project/m3/synth/v2005/kmeans_dist_core_pipelined.v:65$107: $auto$alumacc.cc:365:replace_macc$2176
  creating $macc cell for $flatten\u_axil.\u_core.$mul$/home/bao/ECE410-HW4AI/project/m3/synth/v2005/kmeans_dist_core_pipelined.v:65$102: $auto$alumacc.cc:365:replace_macc$2177
  creating $macc cell for $flatten\u_axil.\u_core.$mul$/home/bao/ECE410-HW4AI/project/m3/synth/v2005/kmeans_dist_core_pipelined.v:65$97: $auto$alumacc.cc:365:replace_macc$2178
  creating $macc cell for $flatten\u_axil.\u_core.$add$/home/bao/ECE410-HW4AI/project/m3/synth/v2005/kmeans_dist_core_pipelined.v:64$88: $auto$alumacc.cc:365:replace_macc$2179
  creating $macc cell for $flatten\u_axil.\u_core.$mul$/home/bao/ECE410-HW4AI/project/m3/synth/v2005/kmeans_dist_core_pipelined.v:65$92: $auto$alumacc.cc:365:replace_macc$2180
  creating $macc cell for $flatten\u_axil.\u_core.$add$/home/bao/ECE410-HW4AI/project/m3/synth/v2005/kmeans_dist_core_pipelined.v:64$313: $auto$alumacc.cc:365:replace_macc$2181
  creating $macc cell for $flatten\u_axil.\u_core.$mul$/home/bao/ECE410-HW4AI/project/m3/synth/v2005/kmeans_dist_core_pipelined.v:65$87: $auto$alumacc.cc:365:replace_macc$2182
  creating $macc cell for $flatten\u_axil.\u_core.$add$/home/bao/ECE410-HW4AI/project/m3/synth/v2005/kmeans_dist_core_pipelined.v:64$298: $auto$alumacc.cc:365:replace_macc$2183
  creating $macc cell for $flatten\u_axil.\u_core.$mul$/home/bao/ECE410-HW4AI/project/m3/synth/v2005/kmeans_dist_core_pipelined.v:65$82: $auto$alumacc.cc:365:replace_macc$2184
  creating $macc cell for $flatten\u_axil.\u_core.$add$/home/bao/ECE410-HW4AI/project/m3/synth/v2005/kmeans_dist_core_pipelined.v:64$283: $auto$alumacc.cc:365:replace_macc$2185
  creating $macc cell for $flatten\u_axil.\u_core.$mul$/home/bao/ECE410-HW4AI/project/m3/synth/v2005/kmeans_dist_core_pipelined.v:65$77: $auto$alumacc.cc:365:replace_macc$2186
  creating $macc cell for $flatten\u_axil.\u_core.$add$/home/bao/ECE410-HW4AI/project/m3/synth/v2005/kmeans_dist_core_pipelined.v:64$268: $auto$alumacc.cc:365:replace_macc$2187
  creating $macc cell for $flatten\u_axil.\u_core.$mul$/home/bao/ECE410-HW4AI/project/m3/synth/v2005/kmeans_dist_core_pipelined.v:65$312: $auto$alumacc.cc:365:replace_macc$2188
  creating $macc cell for $flatten\u_axil.\u_core.$add$/home/bao/ECE410-HW4AI/project/m3/synth/v2005/kmeans_dist_core_pipelined.v:64$253: $auto$alumacc.cc:365:replace_macc$2189
  creating $macc cell for $flatten\u_axil.\u_core.$mul$/home/bao/ECE410-HW4AI/project/m3/synth/v2005/kmeans_dist_core_pipelined.v:65$307: $auto$alumacc.cc:365:replace_macc$2190
  creating $macc cell for $flatten\u_axil.\u_core.$add$/home/bao/ECE410-HW4AI/project/m3/synth/v2005/kmeans_dist_core_pipelined.v:64$238: $auto$alumacc.cc:365:replace_macc$2191
  creating $macc cell for $flatten\u_axil.\u_core.$mul$/home/bao/ECE410-HW4AI/project/m3/synth/v2005/kmeans_dist_core_pipelined.v:65$302: $auto$alumacc.cc:365:replace_macc$2192
  creating $macc cell for $flatten\u_axil.\u_core.$add$/home/bao/ECE410-HW4AI/project/m3/synth/v2005/kmeans_dist_core_pipelined.v:64$223: $auto$alumacc.cc:365:replace_macc$2193
  creating $macc cell for $flatten\u_axil.\u_core.$mul$/home/bao/ECE410-HW4AI/project/m3/synth/v2005/kmeans_dist_core_pipelined.v:65$297: $auto$alumacc.cc:365:replace_macc$2194
  creating $macc cell for $flatten\u_axil.\u_core.$add$/home/bao/ECE410-HW4AI/project/m3/synth/v2005/kmeans_dist_core_pipelined.v:64$208: $auto$alumacc.cc:365:replace_macc$2195
  creating $macc cell for $flatten\u_axil.\u_core.$mul$/home/bao/ECE410-HW4AI/project/m3/synth/v2005/kmeans_dist_core_pipelined.v:65$292: $auto$alumacc.cc:365:replace_macc$2196
  creating $macc cell for $flatten\u_axil.\u_core.$add$/home/bao/ECE410-HW4AI/project/m3/synth/v2005/kmeans_dist_core_pipelined.v:64$193: $auto$alumacc.cc:365:replace_macc$2197
  creating $macc cell for $flatten\u_axil.\u_core.$mul$/home/bao/ECE410-HW4AI/project/m3/synth/v2005/kmeans_dist_core_pipelined.v:65$287: $auto$alumacc.cc:365:replace_macc$2198
  creating $macc cell for $flatten\u_axil.\u_core.$add$/home/bao/ECE410-HW4AI/project/m3/synth/v2005/kmeans_dist_core_pipelined.v:64$178: $auto$alumacc.cc:365:replace_macc$2199
  creating $macc cell for $flatten\u_axil.\u_core.$mul$/home/bao/ECE410-HW4AI/project/m3/synth/v2005/kmeans_dist_core_pipelined.v:65$282: $auto$alumacc.cc:365:replace_macc$2200
  creating $macc cell for $flatten\u_axil.\u_core.$add$/home/bao/ECE410-HW4AI/project/m3/synth/v2005/kmeans_dist_core_pipelined.v:64$163: $auto$alumacc.cc:365:replace_macc$2201
  creating $macc cell for $flatten\u_axil.\u_core.$mul$/home/bao/ECE410-HW4AI/project/m3/synth/v2005/kmeans_dist_core_pipelined.v:65$277: $auto$alumacc.cc:365:replace_macc$2202
  creating $macc cell for $flatten\u_axil.\u_core.$add$/home/bao/ECE410-HW4AI/project/m3/synth/v2005/kmeans_dist_core_pipelined.v:64$148: $auto$alumacc.cc:365:replace_macc$2203
  creating $macc cell for $flatten\u_axil.\u_core.$mul$/home/bao/ECE410-HW4AI/project/m3/synth/v2005/kmeans_dist_core_pipelined.v:65$272: $auto$alumacc.cc:365:replace_macc$2204
  creating $macc cell for $flatten\u_axil.\u_core.$add$/home/bao/ECE410-HW4AI/project/m3/synth/v2005/kmeans_dist_core_pipelined.v:64$133: $auto$alumacc.cc:365:replace_macc$2205
  creating $macc cell for $flatten\u_axil.\u_core.$mul$/home/bao/ECE410-HW4AI/project/m3/synth/v2005/kmeans_dist_core_pipelined.v:65$267: $auto$alumacc.cc:365:replace_macc$2206
  creating $macc cell for $flatten\u_axil.\u_core.$add$/home/bao/ECE410-HW4AI/project/m3/synth/v2005/kmeans_dist_core_pipelined.v:64$118: $auto$alumacc.cc:365:replace_macc$2207
  creating $macc cell for $flatten\u_axil.\u_core.$mul$/home/bao/ECE410-HW4AI/project/m3/synth/v2005/kmeans_dist_core_pipelined.v:65$262: $auto$alumacc.cc:365:replace_macc$2208
  creating $macc cell for $flatten\u_axil.\u_core.$add$/home/bao/ECE410-HW4AI/project/m3/synth/v2005/kmeans_dist_core_pipelined.v:64$103: $auto$alumacc.cc:365:replace_macc$2209
  creating $alu model for $flatten\u_axil.\u_core.$ge$/home/bao/ECE410-HW4AI/project/m3/synth/v2005/kmeans_dist_core_pipelined.v:60$104 ($ge): merged with $flatten\u_axil.\u_core.$sub$/home/bao/ECE410-HW4AI/project/m3/synth/v2005/kmeans_dist_core_pipelined.v:63$106.
  creating $alu model for $flatten\u_axil.\u_core.$ge$/home/bao/ECE410-HW4AI/project/m3/synth/v2005/kmeans_dist_core_pipelined.v:60$109 ($ge): merged with $flatten\u_axil.\u_core.$sub$/home/bao/ECE410-HW4AI/project/m3/synth/v2005/kmeans_dist_core_pipelined.v:63$111.
  creating $alu model for $flatten\u_axil.\u_core.$ge$/home/bao/ECE410-HW4AI/project/m3/synth/v2005/kmeans_dist_core_pipelined.v:60$114 ($ge): merged with $flatten\u_axil.\u_core.$sub$/home/bao/ECE410-HW4AI/project/m3/synth/v2005/kmeans_dist_core_pipelined.v:63$116.
  creating $alu model for $flatten\u_axil.\u_core.$ge$/home/bao/ECE410-HW4AI/project/m3/synth/v2005/kmeans_dist_core_pipelined.v:60$119 ($ge): merged with $flatten\u_axil.\u_core.$sub$/home/bao/ECE410-HW4AI/project/m3/synth/v2005/kmeans_dist_core_pipelined.v:63$121.
  creating $alu model for $flatten\u_axil.\u_core.$ge$/home/bao/ECE410-HW4AI/project/m3/synth/v2005/kmeans_dist_core_pipelined.v:60$124 ($ge): merged with $flatten\u_axil.\u_core.$sub$/home/bao/ECE410-HW4AI/project/m3/synth/v2005/kmeans_dist_core_pipelined.v:63$126.
  creating $alu model for $flatten\u_axil.\u_core.$ge$/home/bao/ECE410-HW4AI/project/m3/synth/v2005/kmeans_dist_core_pipelined.v:60$129 ($ge): merged with $flatten\u_axil.\u_core.$sub$/home/bao/ECE410-HW4AI/project/m3/synth/v2005/kmeans_dist_core_pipelined.v:61$130.
  creating $alu model for $flatten\u_axil.\u_core.$ge$/home/bao/ECE410-HW4AI/project/m3/synth/v2005/kmeans_dist_core_pipelined.v:60$134 ($ge): merged with $flatten\u_axil.\u_core.$sub$/home/bao/ECE410-HW4AI/project/m3/synth/v2005/kmeans_dist_core_pipelined.v:61$135.
  creating $alu model for $flatten\u_axil.\u_core.$ge$/home/bao/ECE410-HW4AI/project/m3/synth/v2005/kmeans_dist_core_pipelined.v:60$139 ($ge): merged with $flatten\u_axil.\u_core.$sub$/home/bao/ECE410-HW4AI/project/m3/synth/v2005/kmeans_dist_core_pipelined.v:61$140.
  creating $alu model for $flatten\u_axil.\u_core.$ge$/home/bao/ECE410-HW4AI/project/m3/synth/v2005/kmeans_dist_core_pipelined.v:60$144 ($ge): merged with $flatten\u_axil.\u_core.$sub$/home/bao/ECE410-HW4AI/project/m3/synth/v2005/kmeans_dist_core_pipelined.v:61$145.
  creating $alu model for $flatten\u_axil.\u_core.$ge$/home/bao/ECE410-HW4AI/project/m3/synth/v2005/kmeans_dist_core_pipelined.v:60$149 ($ge): merged with $flatten\u_axil.\u_core.$sub$/home/bao/ECE410-HW4AI/project/m3/synth/v2005/kmeans_dist_core_pipelined.v:61$150.
  creating $alu model for $flatten\u_axil.\u_core.$ge$/home/bao/ECE410-HW4AI/project/m3/synth/v2005/kmeans_dist_core_pipelined.v:60$154 ($ge): merged with $flatten\u_axil.\u_core.$sub$/home/bao/ECE410-HW4AI/project/m3/synth/v2005/kmeans_dist_core_pipelined.v:61$155.
  creating $alu model for $flatten\u_axil.\u_core.$ge$/home/bao/ECE410-HW4AI/project/m3/synth/v2005/kmeans_dist_core_pipelined.v:60$159 ($ge): merged with $flatten\u_axil.\u_core.$sub$/home/bao/ECE410-HW4AI/project/m3/synth/v2005/kmeans_dist_core_pipelined.v:61$160.
  creating $alu model for $flatten\u_axil.\u_core.$ge$/home/bao/ECE410-HW4AI/project/m3/synth/v2005/kmeans_dist_core_pipelined.v:60$164 ($ge): merged with $flatten\u_axil.\u_core.$sub$/home/bao/ECE410-HW4AI/project/m3/synth/v2005/kmeans_dist_core_pipelined.v:61$165.
  creating $alu model for $flatten\u_axil.\u_core.$ge$/home/bao/ECE410-HW4AI/project/m3/synth/v2005/kmeans_dist_core_pipelined.v:60$169 ($ge): merged with $flatten\u_axil.\u_core.$sub$/home/bao/ECE410-HW4AI/project/m3/synth/v2005/kmeans_dist_core_pipelined.v:61$170.
  creating $alu model for $flatten\u_axil.\u_core.$ge$/home/bao/ECE410-HW4AI/project/m3/synth/v2005/kmeans_dist_core_pipelined.v:60$174 ($ge): merged with $flatten\u_axil.\u_core.$sub$/home/bao/ECE410-HW4AI/project/m3/synth/v2005/kmeans_dist_core_pipelined.v:61$175.
  creating $alu model for $flatten\u_axil.\u_core.$ge$/home/bao/ECE410-HW4AI/project/m3/synth/v2005/kmeans_dist_core_pipelined.v:60$179 ($ge): merged with $flatten\u_axil.\u_core.$sub$/home/bao/ECE410-HW4AI/project/m3/synth/v2005/kmeans_dist_core_pipelined.v:61$180.
  creating $alu model for $flatten\u_axil.\u_core.$ge$/home/bao/ECE410-HW4AI/project/m3/synth/v2005/kmeans_dist_core_pipelined.v:60$184 ($ge): merged with $flatten\u_axil.\u_core.$sub$/home/bao/ECE410-HW4AI/project/m3/synth/v2005/kmeans_dist_core_pipelined.v:61$185.
  creating $alu model for $flatten\u_axil.\u_core.$ge$/home/bao/ECE410-HW4AI/project/m3/synth/v2005/kmeans_dist_core_pipelined.v:60$189 ($ge): merged with $flatten\u_axil.\u_core.$sub$/home/bao/ECE410-HW4AI/project/m3/synth/v2005/kmeans_dist_core_pipelined.v:61$190.
  creating $alu model for $flatten\u_axil.\u_core.$ge$/home/bao/ECE410-HW4AI/project/m3/synth/v2005/kmeans_dist_core_pipelined.v:60$194 ($ge): merged with $flatten\u_axil.\u_core.$sub$/home/bao/ECE410-HW4AI/project/m3/synth/v2005/kmeans_dist_core_pipelined.v:61$195.
  creating $alu model for $flatten\u_axil.\u_core.$ge$/home/bao/ECE410-HW4AI/project/m3/synth/v2005/kmeans_dist_core_pipelined.v:60$199 ($ge): merged with $flatten\u_axil.\u_core.$sub$/home/bao/ECE410-HW4AI/project/m3/synth/v2005/kmeans_dist_core_pipelined.v:61$200.
  creating $alu model for $flatten\u_axil.\u_core.$ge$/home/bao/ECE410-HW4AI/project/m3/synth/v2005/kmeans_dist_core_pipelined.v:60$204 ($ge): merged with $flatten\u_axil.\u_core.$sub$/home/bao/ECE410-HW4AI/project/m3/synth/v2005/kmeans_dist_core_pipelined.v:61$205.
  creating $alu model for $flatten\u_axil.\u_core.$ge$/home/bao/ECE410-HW4AI/project/m3/synth/v2005/kmeans_dist_core_pipelined.v:60$209 ($ge): merged with $flatten\u_axil.\u_core.$sub$/home/bao/ECE410-HW4AI/project/m3/synth/v2005/kmeans_dist_core_pipelined.v:61$210.
  creating $alu model for $flatten\u_axil.\u_core.$ge$/home/bao/ECE410-HW4AI/project/m3/synth/v2005/kmeans_dist_core_pipelined.v:60$214 ($ge): merged with $flatten\u_axil.\u_core.$sub$/home/bao/ECE410-HW4AI/project/m3/synth/v2005/kmeans_dist_core_pipelined.v:61$215.
  creating $alu model for $flatten\u_axil.\u_core.$ge$/home/bao/ECE410-HW4AI/project/m3/synth/v2005/kmeans_dist_core_pipelined.v:60$219 ($ge): merged with $flatten\u_axil.\u_core.$sub$/home/bao/ECE410-HW4AI/project/m3/synth/v2005/kmeans_dist_core_pipelined.v:61$220.
  creating $alu model for $flatten\u_axil.\u_core.$ge$/home/bao/ECE410-HW4AI/project/m3/synth/v2005/kmeans_dist_core_pipelined.v:60$224 ($ge): merged with $flatten\u_axil.\u_core.$sub$/home/bao/ECE410-HW4AI/project/m3/synth/v2005/kmeans_dist_core_pipelined.v:61$225.
  creating $alu model for $flatten\u_axil.\u_core.$ge$/home/bao/ECE410-HW4AI/project/m3/synth/v2005/kmeans_dist_core_pipelined.v:60$229 ($ge): merged with $flatten\u_axil.\u_core.$sub$/home/bao/ECE410-HW4AI/project/m3/synth/v2005/kmeans_dist_core_pipelined.v:61$230.
  creating $alu model for $flatten\u_axil.\u_core.$ge$/home/bao/ECE410-HW4AI/project/m3/synth/v2005/kmeans_dist_core_pipelined.v:60$234 ($ge): merged with $flatten\u_axil.\u_core.$sub$/home/bao/ECE410-HW4AI/project/m3/synth/v2005/kmeans_dist_core_pipelined.v:61$235.
  creating $alu model for $flatten\u_axil.\u_core.$ge$/home/bao/ECE410-HW4AI/project/m3/synth/v2005/kmeans_dist_core_pipelined.v:60$239 ($ge): merged with $flatten\u_axil.\u_core.$sub$/home/bao/ECE410-HW4AI/project/m3/synth/v2005/kmeans_dist_core_pipelined.v:61$240.
  creating $alu model for $flatten\u_axil.\u_core.$ge$/home/bao/ECE410-HW4AI/project/m3/synth/v2005/kmeans_dist_core_pipelined.v:60$244 ($ge): merged with $flatten\u_axil.\u_core.$sub$/home/bao/ECE410-HW4AI/project/m3/synth/v2005/kmeans_dist_core_pipelined.v:61$245.
  creating $alu model for $flatten\u_axil.\u_core.$ge$/home/bao/ECE410-HW4AI/project/m3/synth/v2005/kmeans_dist_core_pipelined.v:60$249 ($ge): merged with $flatten\u_axil.\u_core.$sub$/home/bao/ECE410-HW4AI/project/m3/synth/v2005/kmeans_dist_core_pipelined.v:61$250.
  creating $alu model for $flatten\u_axil.\u_core.$ge$/home/bao/ECE410-HW4AI/project/m3/synth/v2005/kmeans_dist_core_pipelined.v:60$254 ($ge): merged with $flatten\u_axil.\u_core.$sub$/home/bao/ECE410-HW4AI/project/m3/synth/v2005/kmeans_dist_core_pipelined.v:61$255.
  creating $alu model for $flatten\u_axil.\u_core.$ge$/home/bao/ECE410-HW4AI/project/m3/synth/v2005/kmeans_dist_core_pipelined.v:60$259 ($ge): merged with $flatten\u_axil.\u_core.$sub$/home/bao/ECE410-HW4AI/project/m3/synth/v2005/kmeans_dist_core_pipelined.v:61$260.
  creating $alu model for $flatten\u_axil.\u_core.$ge$/home/bao/ECE410-HW4AI/project/m3/synth/v2005/kmeans_dist_core_pipelined.v:60$264 ($ge): merged with $flatten\u_axil.\u_core.$sub$/home/bao/ECE410-HW4AI/project/m3/synth/v2005/kmeans_dist_core_pipelined.v:61$265.
  creating $alu model for $flatten\u_axil.\u_core.$ge$/home/bao/ECE410-HW4AI/project/m3/synth/v2005/kmeans_dist_core_pipelined.v:60$269 ($ge): merged with $flatten\u_axil.\u_core.$sub$/home/bao/ECE410-HW4AI/project/m3/synth/v2005/kmeans_dist_core_pipelined.v:61$270.
  creating $alu model for $flatten\u_axil.\u_core.$ge$/home/bao/ECE410-HW4AI/project/m3/synth/v2005/kmeans_dist_core_pipelined.v:60$274 ($ge): merged with $flatten\u_axil.\u_core.$sub$/home/bao/ECE410-HW4AI/project/m3/synth/v2005/kmeans_dist_core_pipelined.v:61$275.
  creating $alu model for $flatten\u_axil.\u_core.$ge$/home/bao/ECE410-HW4AI/project/m3/synth/v2005/kmeans_dist_core_pipelined.v:60$279 ($ge): merged with $flatten\u_axil.\u_core.$sub$/home/bao/ECE410-HW4AI/project/m3/synth/v2005/kmeans_dist_core_pipelined.v:61$280.
  creating $alu model for $flatten\u_axil.\u_core.$ge$/home/bao/ECE410-HW4AI/project/m3/synth/v2005/kmeans_dist_core_pipelined.v:60$284 ($ge): merged with $flatten\u_axil.\u_core.$sub$/home/bao/ECE410-HW4AI/project/m3/synth/v2005/kmeans_dist_core_pipelined.v:61$285.
  creating $alu model for $flatten\u_axil.\u_core.$ge$/home/bao/ECE410-HW4AI/project/m3/synth/v2005/kmeans_dist_core_pipelined.v:60$289 ($ge): merged with $flatten\u_axil.\u_core.$sub$/home/bao/ECE410-HW4AI/project/m3/synth/v2005/kmeans_dist_core_pipelined.v:61$290.
  creating $alu model for $flatten\u_axil.\u_core.$ge$/home/bao/ECE410-HW4AI/project/m3/synth/v2005/kmeans_dist_core_pipelined.v:60$294 ($ge): merged with $flatten\u_axil.\u_core.$sub$/home/bao/ECE410-HW4AI/project/m3/synth/v2005/kmeans_dist_core_pipelined.v:61$295.
  creating $alu model for $flatten\u_axil.\u_core.$ge$/home/bao/ECE410-HW4AI/project/m3/synth/v2005/kmeans_dist_core_pipelined.v:60$299 ($ge): merged with $flatten\u_axil.\u_core.$sub$/home/bao/ECE410-HW4AI/project/m3/synth/v2005/kmeans_dist_core_pipelined.v:61$300.
  creating $alu model for $flatten\u_axil.\u_core.$ge$/home/bao/ECE410-HW4AI/project/m3/synth/v2005/kmeans_dist_core_pipelined.v:60$304 ($ge): merged with $flatten\u_axil.\u_core.$sub$/home/bao/ECE410-HW4AI/project/m3/synth/v2005/kmeans_dist_core_pipelined.v:61$305.
  creating $alu model for $flatten\u_axil.\u_core.$ge$/home/bao/ECE410-HW4AI/project/m3/synth/v2005/kmeans_dist_core_pipelined.v:60$309 ($ge): merged with $flatten\u_axil.\u_core.$sub$/home/bao/ECE410-HW4AI/project/m3/synth/v2005/kmeans_dist_core_pipelined.v:61$310.
  creating $alu model for $flatten\u_axil.\u_core.$ge$/home/bao/ECE410-HW4AI/project/m3/synth/v2005/kmeans_dist_core_pipelined.v:60$74 ($ge): merged with $flatten\u_axil.\u_core.$sub$/home/bao/ECE410-HW4AI/project/m3/synth/v2005/kmeans_dist_core_pipelined.v:61$75.
  creating $alu model for $flatten\u_axil.\u_core.$ge$/home/bao/ECE410-HW4AI/project/m3/synth/v2005/kmeans_dist_core_pipelined.v:60$79 ($ge): merged with $flatten\u_axil.\u_core.$sub$/home/bao/ECE410-HW4AI/project/m3/synth/v2005/kmeans_dist_core_pipelined.v:61$80.
  creating $alu model for $flatten\u_axil.\u_core.$ge$/home/bao/ECE410-HW4AI/project/m3/synth/v2005/kmeans_dist_core_pipelined.v:60$84 ($ge): merged with $flatten\u_axil.\u_core.$sub$/home/bao/ECE410-HW4AI/project/m3/synth/v2005/kmeans_dist_core_pipelined.v:63$86.
  creating $alu model for $flatten\u_axil.\u_core.$ge$/home/bao/ECE410-HW4AI/project/m3/synth/v2005/kmeans_dist_core_pipelined.v:60$89 ($ge): merged with $flatten\u_axil.\u_core.$sub$/home/bao/ECE410-HW4AI/project/m3/synth/v2005/kmeans_dist_core_pipelined.v:63$91.
  creating $alu model for $flatten\u_axil.\u_core.$ge$/home/bao/ECE410-HW4AI/project/m3/synth/v2005/kmeans_dist_core_pipelined.v:60$94 ($ge): merged with $flatten\u_axil.\u_core.$sub$/home/bao/ECE410-HW4AI/project/m3/synth/v2005/kmeans_dist_core_pipelined.v:63$96.
  creating $alu model for $flatten\u_axil.\u_core.$ge$/home/bao/ECE410-HW4AI/project/m3/synth/v2005/kmeans_dist_core_pipelined.v:60$99 ($ge): merged with $flatten\u_axil.\u_core.$sub$/home/bao/ECE410-HW4AI/project/m3/synth/v2005/kmeans_dist_core_pipelined.v:63$101.
  creating $alu model for $flatten\u_axil.\u_core.$lt$/home/bao/ECE410-HW4AI/project/m3/synth/v2005/kmeans_dist_core_pipelined.v:108$325 ($lt): new $alu
  creating $alu model for $flatten\u_axil.\u_core.$lt$/home/bao/ECE410-HW4AI/project/m3/synth/v2005/kmeans_dist_core_pipelined.v:108$326 ($lt): new $alu
  creating $alu model for $flatten\u_axil.\u_core.$lt$/home/bao/ECE410-HW4AI/project/m3/synth/v2005/kmeans_dist_core_pipelined.v:108$327 ($lt): new $alu
  creating $alu model for $flatten\u_axil.\u_core.$lt$/home/bao/ECE410-HW4AI/project/m3/synth/v2005/kmeans_dist_core_pipelined.v:108$328 ($lt): new $alu
  creating $alu model for $flatten\u_axil.\u_core.$lt$/home/bao/ECE410-HW4AI/project/m3/synth/v2005/kmeans_dist_core_pipelined.v:149$332 ($lt): new $alu
  creating $alu model for $flatten\u_axil.\u_core.$lt$/home/bao/ECE410-HW4AI/project/m3/synth/v2005/kmeans_dist_core_pipelined.v:151$333 ($lt): new $alu
  creating $alu model for $flatten\u_axil.\u_core.$lt$/home/bao/ECE410-HW4AI/project/m3/synth/v2005/kmeans_dist_core_pipelined.v:154$334 ($lt): new $alu
  creating $alu model for $flatten\u_axil.\u_core.$lt$/home/bao/ECE410-HW4AI/project/m3/synth/v2005/kmeans_dist_core_pipelined.v:98$317 ($lt): new $alu
  creating $alu model for $flatten\u_axil.\u_core.$lt$/home/bao/ECE410-HW4AI/project/m3/synth/v2005/kmeans_dist_core_pipelined.v:98$318 ($lt): new $alu
  creating $alu model for $flatten\u_axil.\u_core.$lt$/home/bao/ECE410-HW4AI/project/m3/synth/v2005/kmeans_dist_core_pipelined.v:98$319 ($lt): new $alu
  creating $alu model for $flatten\u_axil.\u_core.$lt$/home/bao/ECE410-HW4AI/project/m3/synth/v2005/kmeans_dist_core_pipelined.v:98$320 ($lt): new $alu
  creating $alu model for $flatten\u_axil.\u_core.$lt$/home/bao/ECE410-HW4AI/project/m3/synth/v2005/kmeans_dist_core_pipelined.v:98$321 ($lt): new $alu
  creating $alu model for $flatten\u_axil.\u_core.$lt$/home/bao/ECE410-HW4AI/project/m3/synth/v2005/kmeans_dist_core_pipelined.v:98$322 ($lt): new $alu
  creating $alu model for $flatten\u_axil.\u_core.$lt$/home/bao/ECE410-HW4AI/project/m3/synth/v2005/kmeans_dist_core_pipelined.v:98$323 ($lt): new $alu
  creating $alu model for $flatten\u_axil.\u_core.$lt$/home/bao/ECE410-HW4AI/project/m3/synth/v2005/kmeans_dist_core_pipelined.v:98$324 ($lt): new $alu
  creating $alu cell for $flatten\u_axil.\u_core.$lt$/home/bao/ECE410-HW4AI/project/m3/synth/v2005/kmeans_dist_core_pipelined.v:98$324: $auto$alumacc.cc:485:replace_alu$2225
  creating $alu cell for $flatten\u_axil.\u_core.$lt$/home/bao/ECE410-HW4AI/project/m3/synth/v2005/kmeans_dist_core_pipelined.v:98$323: $auto$alumacc.cc:485:replace_alu$2236
  creating $alu cell for $flatten\u_axil.\u_core.$lt$/home/bao/ECE410-HW4AI/project/m3/synth/v2005/kmeans_dist_core_pipelined.v:98$322: $auto$alumacc.cc:485:replace_alu$2247
  creating $alu cell for $flatten\u_axil.\u_core.$lt$/home/bao/ECE410-HW4AI/project/m3/synth/v2005/kmeans_dist_core_pipelined.v:98$321: $auto$alumacc.cc:485:replace_alu$2258
  creating $alu cell for $flatten\u_axil.\u_core.$lt$/home/bao/ECE410-HW4AI/project/m3/synth/v2005/kmeans_dist_core_pipelined.v:98$320: $auto$alumacc.cc:485:replace_alu$2269
  creating $alu cell for $flatten\u_axil.\u_core.$lt$/home/bao/ECE410-HW4AI/project/m3/synth/v2005/kmeans_dist_core_pipelined.v:98$319: $auto$alumacc.cc:485:replace_alu$2274
  creating $alu cell for $flatten\u_axil.\u_core.$lt$/home/bao/ECE410-HW4AI/project/m3/synth/v2005/kmeans_dist_core_pipelined.v:98$318: $auto$alumacc.cc:485:replace_alu$2285
  creating $alu cell for $flatten\u_axil.\u_core.$lt$/home/bao/ECE410-HW4AI/project/m3/synth/v2005/kmeans_dist_core_pipelined.v:98$317: $auto$alumacc.cc:485:replace_alu$2296
  creating $alu cell for $flatten\u_axil.\u_core.$lt$/home/bao/ECE410-HW4AI/project/m3/synth/v2005/kmeans_dist_core_pipelined.v:154$334: $auto$alumacc.cc:485:replace_alu$2307
  creating $alu cell for $flatten\u_axil.\u_core.$lt$/home/bao/ECE410-HW4AI/project/m3/synth/v2005/kmeans_dist_core_pipelined.v:151$333: $auto$alumacc.cc:485:replace_alu$2312
  creating $alu cell for $flatten\u_axil.\u_core.$lt$/home/bao/ECE410-HW4AI/project/m3/synth/v2005/kmeans_dist_core_pipelined.v:149$332: $auto$alumacc.cc:485:replace_alu$2323
  creating $alu cell for $flatten\u_axil.\u_core.$lt$/home/bao/ECE410-HW4AI/project/m3/synth/v2005/kmeans_dist_core_pipelined.v:108$328: $auto$alumacc.cc:485:replace_alu$2334
  creating $alu cell for $flatten\u_axil.\u_core.$lt$/home/bao/ECE410-HW4AI/project/m3/synth/v2005/kmeans_dist_core_pipelined.v:108$327: $auto$alumacc.cc:485:replace_alu$2339
  creating $alu cell for $flatten\u_axil.\u_core.$lt$/home/bao/ECE410-HW4AI/project/m3/synth/v2005/kmeans_dist_core_pipelined.v:108$326: $auto$alumacc.cc:485:replace_alu$2344
  creating $alu cell for $flatten\u_axil.\u_core.$lt$/home/bao/ECE410-HW4AI/project/m3/synth/v2005/kmeans_dist_core_pipelined.v:108$325: $auto$alumacc.cc:485:replace_alu$2349
  creating $alu cell for $flatten\u_axil.\u_core.$sub$/home/bao/ECE410-HW4AI/project/m3/synth/v2005/kmeans_dist_core_pipelined.v:63$91, $flatten\u_axil.\u_core.$ge$/home/bao/ECE410-HW4AI/project/m3/synth/v2005/kmeans_dist_core_pipelined.v:60$89: $auto$alumacc.cc:485:replace_alu$2354
  creating $alu cell for $flatten\u_axil.\u_core.$sub$/home/bao/ECE410-HW4AI/project/m3/synth/v2005/kmeans_dist_core_pipelined.v:63$86, $flatten\u_axil.\u_core.$ge$/home/bao/ECE410-HW4AI/project/m3/synth/v2005/kmeans_dist_core_pipelined.v:60$84: $auto$alumacc.cc:485:replace_alu$2363
  creating $alu cell for $flatten\u_axil.\u_core.$sub$/home/bao/ECE410-HW4AI/project/m3/synth/v2005/kmeans_dist_core_pipelined.v:63$81: $auto$alumacc.cc:485:replace_alu$2372
  creating $alu cell for $flatten\u_axil.\u_core.$sub$/home/bao/ECE410-HW4AI/project/m3/synth/v2005/kmeans_dist_core_pipelined.v:63$76: $auto$alumacc.cc:485:replace_alu$2375
  creating $alu cell for $flatten\u_axil.\u_core.$sub$/home/bao/ECE410-HW4AI/project/m3/synth/v2005/kmeans_dist_core_pipelined.v:63$311: $auto$alumacc.cc:485:replace_alu$2378
  creating $alu cell for $flatten\u_axil.\u_core.$sub$/home/bao/ECE410-HW4AI/project/m3/synth/v2005/kmeans_dist_core_pipelined.v:63$306: $auto$alumacc.cc:485:replace_alu$2381
  creating $alu cell for $flatten\u_axil.\u_core.$sub$/home/bao/ECE410-HW4AI/project/m3/synth/v2005/kmeans_dist_core_pipelined.v:63$301: $auto$alumacc.cc:485:replace_alu$2384
  creating $alu cell for $flatten\u_axil.\u_core.$sub$/home/bao/ECE410-HW4AI/project/m3/synth/v2005/kmeans_dist_core_pipelined.v:63$296: $auto$alumacc.cc:485:replace_alu$2387
  creating $alu cell for $flatten\u_axil.\u_core.$sub$/home/bao/ECE410-HW4AI/project/m3/synth/v2005/kmeans_dist_core_pipelined.v:63$291: $auto$alumacc.cc:485:replace_alu$2390
  creating $alu cell for $flatten\u_axil.\u_core.$sub$/home/bao/ECE410-HW4AI/project/m3/synth/v2005/kmeans_dist_core_pipelined.v:63$286: $auto$alumacc.cc:485:replace_alu$2393
  creating $alu cell for $flatten\u_axil.\u_core.$sub$/home/bao/ECE410-HW4AI/project/m3/synth/v2005/kmeans_dist_core_pipelined.v:63$281: $auto$alumacc.cc:485:replace_alu$2396
  creating $alu cell for $flatten\u_axil.\u_core.$sub$/home/bao/ECE410-HW4AI/project/m3/synth/v2005/kmeans_dist_core_pipelined.v:63$276: $auto$alumacc.cc:485:replace_alu$2399
  creating $alu cell for $flatten\u_axil.\u_core.$sub$/home/bao/ECE410-HW4AI/project/m3/synth/v2005/kmeans_dist_core_pipelined.v:63$271: $auto$alumacc.cc:485:replace_alu$2402
  creating $alu cell for $flatten\u_axil.\u_core.$sub$/home/bao/ECE410-HW4AI/project/m3/synth/v2005/kmeans_dist_core_pipelined.v:63$266: $auto$alumacc.cc:485:replace_alu$2405
  creating $alu cell for $flatten\u_axil.\u_core.$sub$/home/bao/ECE410-HW4AI/project/m3/synth/v2005/kmeans_dist_core_pipelined.v:63$261: $auto$alumacc.cc:485:replace_alu$2408
  creating $alu cell for $flatten\u_axil.\u_core.$sub$/home/bao/ECE410-HW4AI/project/m3/synth/v2005/kmeans_dist_core_pipelined.v:63$96, $flatten\u_axil.\u_core.$ge$/home/bao/ECE410-HW4AI/project/m3/synth/v2005/kmeans_dist_core_pipelined.v:60$94: $auto$alumacc.cc:485:replace_alu$2411
  creating $alu cell for $flatten\u_axil.\u_core.$sub$/home/bao/ECE410-HW4AI/project/m3/synth/v2005/kmeans_dist_core_pipelined.v:61$100: $auto$alumacc.cc:485:replace_alu$2420
  creating $alu cell for $flatten\u_axil.\u_core.$sub$/home/bao/ECE410-HW4AI/project/m3/synth/v2005/kmeans_dist_core_pipelined.v:61$105: $auto$alumacc.cc:485:replace_alu$2423
  creating $alu cell for $flatten\u_axil.\u_core.$sub$/home/bao/ECE410-HW4AI/project/m3/synth/v2005/kmeans_dist_core_pipelined.v:61$110: $auto$alumacc.cc:485:replace_alu$2426
  creating $alu cell for $flatten\u_axil.\u_core.$sub$/home/bao/ECE410-HW4AI/project/m3/synth/v2005/kmeans_dist_core_pipelined.v:61$115: $auto$alumacc.cc:485:replace_alu$2429
  creating $alu cell for $flatten\u_axil.\u_core.$sub$/home/bao/ECE410-HW4AI/project/m3/synth/v2005/kmeans_dist_core_pipelined.v:61$120: $auto$alumacc.cc:485:replace_alu$2432
  creating $alu cell for $flatten\u_axil.\u_core.$sub$/home/bao/ECE410-HW4AI/project/m3/synth/v2005/kmeans_dist_core_pipelined.v:61$125: $auto$alumacc.cc:485:replace_alu$2435
  creating $alu cell for $flatten\u_axil.\u_core.$sub$/home/bao/ECE410-HW4AI/project/m3/synth/v2005/kmeans_dist_core_pipelined.v:61$130, $flatten\u_axil.\u_core.$ge$/home/bao/ECE410-HW4AI/project/m3/synth/v2005/kmeans_dist_core_pipelined.v:60$129: $auto$alumacc.cc:485:replace_alu$2438
  creating $alu cell for $flatten\u_axil.\u_core.$sub$/home/bao/ECE410-HW4AI/project/m3/synth/v2005/kmeans_dist_core_pipelined.v:61$135, $flatten\u_axil.\u_core.$ge$/home/bao/ECE410-HW4AI/project/m3/synth/v2005/kmeans_dist_core_pipelined.v:60$134: $auto$alumacc.cc:485:replace_alu$2451
  creating $alu cell for $flatten\u_axil.\u_core.$sub$/home/bao/ECE410-HW4AI/project/m3/synth/v2005/kmeans_dist_core_pipelined.v:61$140, $flatten\u_axil.\u_core.$ge$/home/bao/ECE410-HW4AI/project/m3/synth/v2005/kmeans_dist_core_pipelined.v:60$139: $auto$alumacc.cc:485:replace_alu$2464
  creating $alu cell for $flatten\u_axil.\u_core.$sub$/home/bao/ECE410-HW4AI/project/m3/synth/v2005/kmeans_dist_core_pipelined.v:61$145, $flatten\u_axil.\u_core.$ge$/home/bao/ECE410-HW4AI/project/m3/synth/v2005/kmeans_dist_core_pipelined.v:60$144: $auto$alumacc.cc:485:replace_alu$2477
  creating $alu cell for $flatten\u_axil.\u_core.$sub$/home/bao/ECE410-HW4AI/project/m3/synth/v2005/kmeans_dist_core_pipelined.v:61$150, $flatten\u_axil.\u_core.$ge$/home/bao/ECE410-HW4AI/project/m3/synth/v2005/kmeans_dist_core_pipelined.v:60$149: $auto$alumacc.cc:485:replace_alu$2490
  creating $alu cell for $flatten\u_axil.\u_core.$sub$/home/bao/ECE410-HW4AI/project/m3/synth/v2005/kmeans_dist_core_pipelined.v:61$155, $flatten\u_axil.\u_core.$ge$/home/bao/ECE410-HW4AI/project/m3/synth/v2005/kmeans_dist_core_pipelined.v:60$154: $auto$alumacc.cc:485:replace_alu$2503
  creating $alu cell for $flatten\u_axil.\u_core.$sub$/home/bao/ECE410-HW4AI/project/m3/synth/v2005/kmeans_dist_core_pipelined.v:61$160, $flatten\u_axil.\u_core.$ge$/home/bao/ECE410-HW4AI/project/m3/synth/v2005/kmeans_dist_core_pipelined.v:60$159: $auto$alumacc.cc:485:replace_alu$2516
  creating $alu cell for $flatten\u_axil.\u_core.$sub$/home/bao/ECE410-HW4AI/project/m3/synth/v2005/kmeans_dist_core_pipelined.v:61$165, $flatten\u_axil.\u_core.$ge$/home/bao/ECE410-HW4AI/project/m3/synth/v2005/kmeans_dist_core_pipelined.v:60$164: $auto$alumacc.cc:485:replace_alu$2529
  creating $alu cell for $flatten\u_axil.\u_core.$sub$/home/bao/ECE410-HW4AI/project/m3/synth/v2005/kmeans_dist_core_pipelined.v:61$170, $flatten\u_axil.\u_core.$ge$/home/bao/ECE410-HW4AI/project/m3/synth/v2005/kmeans_dist_core_pipelined.v:60$169: $auto$alumacc.cc:485:replace_alu$2542
  creating $alu cell for $flatten\u_axil.\u_core.$sub$/home/bao/ECE410-HW4AI/project/m3/synth/v2005/kmeans_dist_core_pipelined.v:61$175, $flatten\u_axil.\u_core.$ge$/home/bao/ECE410-HW4AI/project/m3/synth/v2005/kmeans_dist_core_pipelined.v:60$174: $auto$alumacc.cc:485:replace_alu$2555
  creating $alu cell for $flatten\u_axil.\u_core.$sub$/home/bao/ECE410-HW4AI/project/m3/synth/v2005/kmeans_dist_core_pipelined.v:61$180, $flatten\u_axil.\u_core.$ge$/home/bao/ECE410-HW4AI/project/m3/synth/v2005/kmeans_dist_core_pipelined.v:60$179: $auto$alumacc.cc:485:replace_alu$2568
  creating $alu cell for $flatten\u_axil.\u_core.$sub$/home/bao/ECE410-HW4AI/project/m3/synth/v2005/kmeans_dist_core_pipelined.v:61$185, $flatten\u_axil.\u_core.$ge$/home/bao/ECE410-HW4AI/project/m3/synth/v2005/kmeans_dist_core_pipelined.v:60$184: $auto$alumacc.cc:485:replace_alu$2581
  creating $alu cell for $flatten\u_axil.\u_core.$sub$/home/bao/ECE410-HW4AI/project/m3/synth/v2005/kmeans_dist_core_pipelined.v:61$190, $flatten\u_axil.\u_core.$ge$/home/bao/ECE410-HW4AI/project/m3/synth/v2005/kmeans_dist_core_pipelined.v:60$189: $auto$alumacc.cc:485:replace_alu$2594
  creating $alu cell for $flatten\u_axil.\u_core.$sub$/home/bao/ECE410-HW4AI/project/m3/synth/v2005/kmeans_dist_core_pipelined.v:61$195, $flatten\u_axil.\u_core.$ge$/home/bao/ECE410-HW4AI/project/m3/synth/v2005/kmeans_dist_core_pipelined.v:60$194: $auto$alumacc.cc:485:replace_alu$2607
  creating $alu cell for $flatten\u_axil.\u_core.$sub$/home/bao/ECE410-HW4AI/project/m3/synth/v2005/kmeans_dist_core_pipelined.v:61$200, $flatten\u_axil.\u_core.$ge$/home/bao/ECE410-HW4AI/project/m3/synth/v2005/kmeans_dist_core_pipelined.v:60$199: $auto$alumacc.cc:485:replace_alu$2620
  creating $alu cell for $flatten\u_axil.\u_core.$sub$/home/bao/ECE410-HW4AI/project/m3/synth/v2005/kmeans_dist_core_pipelined.v:61$205, $flatten\u_axil.\u_core.$ge$/home/bao/ECE410-HW4AI/project/m3/synth/v2005/kmeans_dist_core_pipelined.v:60$204: $auto$alumacc.cc:485:replace_alu$2633
  creating $alu cell for $flatten\u_axil.\u_core.$sub$/home/bao/ECE410-HW4AI/project/m3/synth/v2005/kmeans_dist_core_pipelined.v:61$210, $flatten\u_axil.\u_core.$ge$/home/bao/ECE410-HW4AI/project/m3/synth/v2005/kmeans_dist_core_pipelined.v:60$209: $auto$alumacc.cc:485:replace_alu$2646
  creating $alu cell for $flatten\u_axil.\u_core.$sub$/home/bao/ECE410-HW4AI/project/m3/synth/v2005/kmeans_dist_core_pipelined.v:61$215, $flatten\u_axil.\u_core.$ge$/home/bao/ECE410-HW4AI/project/m3/synth/v2005/kmeans_dist_core_pipelined.v:60$214: $auto$alumacc.cc:485:replace_alu$2659
  creating $alu cell for $flatten\u_axil.\u_core.$sub$/home/bao/ECE410-HW4AI/project/m3/synth/v2005/kmeans_dist_core_pipelined.v:61$220, $flatten\u_axil.\u_core.$ge$/home/bao/ECE410-HW4AI/project/m3/synth/v2005/kmeans_dist_core_pipelined.v:60$219: $auto$alumacc.cc:485:replace_alu$2672
  creating $alu cell for $flatten\u_axil.\u_core.$sub$/home/bao/ECE410-HW4AI/project/m3/synth/v2005/kmeans_dist_core_pipelined.v:61$225, $flatten\u_axil.\u_core.$ge$/home/bao/ECE410-HW4AI/project/m3/synth/v2005/kmeans_dist_core_pipelined.v:60$224: $auto$alumacc.cc:485:replace_alu$2685
  creating $alu cell for $flatten\u_axil.\u_core.$sub$/home/bao/ECE410-HW4AI/project/m3/synth/v2005/kmeans_dist_core_pipelined.v:61$230, $flatten\u_axil.\u_core.$ge$/home/bao/ECE410-HW4AI/project/m3/synth/v2005/kmeans_dist_core_pipelined.v:60$229: $auto$alumacc.cc:485:replace_alu$2698
  creating $alu cell for $flatten\u_axil.\u_core.$sub$/home/bao/ECE410-HW4AI/project/m3/synth/v2005/kmeans_dist_core_pipelined.v:61$235, $flatten\u_axil.\u_core.$ge$/home/bao/ECE410-HW4AI/project/m3/synth/v2005/kmeans_dist_core_pipelined.v:60$234: $auto$alumacc.cc:485:replace_alu$2711
  creating $alu cell for $flatten\u_axil.\u_core.$sub$/home/bao/ECE410-HW4AI/project/m3/synth/v2005/kmeans_dist_core_pipelined.v:61$240, $flatten\u_axil.\u_core.$ge$/home/bao/ECE410-HW4AI/project/m3/synth/v2005/kmeans_dist_core_pipelined.v:60$239: $auto$alumacc.cc:485:replace_alu$2724
  creating $alu cell for $flatten\u_axil.\u_core.$sub$/home/bao/ECE410-HW4AI/project/m3/synth/v2005/kmeans_dist_core_pipelined.v:61$245, $flatten\u_axil.\u_core.$ge$/home/bao/ECE410-HW4AI/project/m3/synth/v2005/kmeans_dist_core_pipelined.v:60$244: $auto$alumacc.cc:485:replace_alu$2737
  creating $alu cell for $flatten\u_axil.\u_core.$sub$/home/bao/ECE410-HW4AI/project/m3/synth/v2005/kmeans_dist_core_pipelined.v:61$250, $flatten\u_axil.\u_core.$ge$/home/bao/ECE410-HW4AI/project/m3/synth/v2005/kmeans_dist_core_pipelined.v:60$249: $auto$alumacc.cc:485:replace_alu$2750
  creating $alu cell for $flatten\u_axil.\u_core.$sub$/home/bao/ECE410-HW4AI/project/m3/synth/v2005/kmeans_dist_core_pipelined.v:61$255, $flatten\u_axil.\u_core.$ge$/home/bao/ECE410-HW4AI/project/m3/synth/v2005/kmeans_dist_core_pipelined.v:60$254: $auto$alumacc.cc:485:replace_alu$2763
  creating $alu cell for $flatten\u_axil.\u_core.$sub$/home/bao/ECE410-HW4AI/project/m3/synth/v2005/kmeans_dist_core_pipelined.v:61$260, $flatten\u_axil.\u_core.$ge$/home/bao/ECE410-HW4AI/project/m3/synth/v2005/kmeans_dist_core_pipelined.v:60$259: $auto$alumacc.cc:485:replace_alu$2776
  creating $alu cell for $flatten\u_axil.\u_core.$sub$/home/bao/ECE410-HW4AI/project/m3/synth/v2005/kmeans_dist_core_pipelined.v:61$265, $flatten\u_axil.\u_core.$ge$/home/bao/ECE410-HW4AI/project/m3/synth/v2005/kmeans_dist_core_pipelined.v:60$264: $auto$alumacc.cc:485:replace_alu$2789
  creating $alu cell for $flatten\u_axil.\u_core.$sub$/home/bao/ECE410-HW4AI/project/m3/synth/v2005/kmeans_dist_core_pipelined.v:61$270, $flatten\u_axil.\u_core.$ge$/home/bao/ECE410-HW4AI/project/m3/synth/v2005/kmeans_dist_core_pipelined.v:60$269: $auto$alumacc.cc:485:replace_alu$2802
  creating $alu cell for $flatten\u_axil.\u_core.$sub$/home/bao/ECE410-HW4AI/project/m3/synth/v2005/kmeans_dist_core_pipelined.v:61$275, $flatten\u_axil.\u_core.$ge$/home/bao/ECE410-HW4AI/project/m3/synth/v2005/kmeans_dist_core_pipelined.v:60$274: $auto$alumacc.cc:485:replace_alu$2815
  creating $alu cell for $flatten\u_axil.\u_core.$sub$/home/bao/ECE410-HW4AI/project/m3/synth/v2005/kmeans_dist_core_pipelined.v:61$280, $flatten\u_axil.\u_core.$ge$/home/bao/ECE410-HW4AI/project/m3/synth/v2005/kmeans_dist_core_pipelined.v:60$279: $auto$alumacc.cc:485:replace_alu$2828
  creating $alu cell for $flatten\u_axil.\u_core.$sub$/home/bao/ECE410-HW4AI/project/m3/synth/v2005/kmeans_dist_core_pipelined.v:61$285, $flatten\u_axil.\u_core.$ge$/home/bao/ECE410-HW4AI/project/m3/synth/v2005/kmeans_dist_core_pipelined.v:60$284: $auto$alumacc.cc:485:replace_alu$2841
  creating $alu cell for $flatten\u_axil.\u_core.$sub$/home/bao/ECE410-HW4AI/project/m3/synth/v2005/kmeans_dist_core_pipelined.v:61$290, $flatten\u_axil.\u_core.$ge$/home/bao/ECE410-HW4AI/project/m3/synth/v2005/kmeans_dist_core_pipelined.v:60$289: $auto$alumacc.cc:485:replace_alu$2854
  creating $alu cell for $flatten\u_axil.\u_core.$sub$/home/bao/ECE410-HW4AI/project/m3/synth/v2005/kmeans_dist_core_pipelined.v:61$295, $flatten\u_axil.\u_core.$ge$/home/bao/ECE410-HW4AI/project/m3/synth/v2005/kmeans_dist_core_pipelined.v:60$294: $auto$alumacc.cc:485:replace_alu$2867
  creating $alu cell for $flatten\u_axil.\u_core.$sub$/home/bao/ECE410-HW4AI/project/m3/synth/v2005/kmeans_dist_core_pipelined.v:61$300, $flatten\u_axil.\u_core.$ge$/home/bao/ECE410-HW4AI/project/m3/synth/v2005/kmeans_dist_core_pipelined.v:60$299: $auto$alumacc.cc:485:replace_alu$2880
  creating $alu cell for $flatten\u_axil.\u_core.$sub$/home/bao/ECE410-HW4AI/project/m3/synth/v2005/kmeans_dist_core_pipelined.v:61$305, $flatten\u_axil.\u_core.$ge$/home/bao/ECE410-HW4AI/project/m3/synth/v2005/kmeans_dist_core_pipelined.v:60$304: $auto$alumacc.cc:485:replace_alu$2893
  creating $alu cell for $flatten\u_axil.\u_core.$sub$/home/bao/ECE410-HW4AI/project/m3/synth/v2005/kmeans_dist_core_pipelined.v:61$310, $flatten\u_axil.\u_core.$ge$/home/bao/ECE410-HW4AI/project/m3/synth/v2005/kmeans_dist_core_pipelined.v:60$309: $auto$alumacc.cc:485:replace_alu$2906
  creating $alu cell for $flatten\u_axil.\u_core.$sub$/home/bao/ECE410-HW4AI/project/m3/synth/v2005/kmeans_dist_core_pipelined.v:61$75, $flatten\u_axil.\u_core.$ge$/home/bao/ECE410-HW4AI/project/m3/synth/v2005/kmeans_dist_core_pipelined.v:60$74: $auto$alumacc.cc:485:replace_alu$2919
  creating $alu cell for $flatten\u_axil.\u_core.$sub$/home/bao/ECE410-HW4AI/project/m3/synth/v2005/kmeans_dist_core_pipelined.v:61$80, $flatten\u_axil.\u_core.$ge$/home/bao/ECE410-HW4AI/project/m3/synth/v2005/kmeans_dist_core_pipelined.v:60$79: $auto$alumacc.cc:485:replace_alu$2932
  creating $alu cell for $flatten\u_axil.\u_core.$sub$/home/bao/ECE410-HW4AI/project/m3/synth/v2005/kmeans_dist_core_pipelined.v:61$85: $auto$alumacc.cc:485:replace_alu$2945
  creating $alu cell for $flatten\u_axil.\u_core.$sub$/home/bao/ECE410-HW4AI/project/m3/synth/v2005/kmeans_dist_core_pipelined.v:61$90: $auto$alumacc.cc:485:replace_alu$2948
  creating $alu cell for $flatten\u_axil.\u_core.$sub$/home/bao/ECE410-HW4AI/project/m3/synth/v2005/kmeans_dist_core_pipelined.v:61$95: $auto$alumacc.cc:485:replace_alu$2951
  creating $alu cell for $flatten\u_axil.\u_core.$sub$/home/bao/ECE410-HW4AI/project/m3/synth/v2005/kmeans_dist_core_pipelined.v:63$101, $flatten\u_axil.\u_core.$ge$/home/bao/ECE410-HW4AI/project/m3/synth/v2005/kmeans_dist_core_pipelined.v:60$99: $auto$alumacc.cc:485:replace_alu$2954
  creating $alu cell for $flatten\u_axil.\u_core.$sub$/home/bao/ECE410-HW4AI/project/m3/synth/v2005/kmeans_dist_core_pipelined.v:63$106, $flatten\u_axil.\u_core.$ge$/home/bao/ECE410-HW4AI/project/m3/synth/v2005/kmeans_dist_core_pipelined.v:60$104: $auto$alumacc.cc:485:replace_alu$2963
  creating $alu cell for $flatten\u_axil.\u_core.$sub$/home/bao/ECE410-HW4AI/project/m3/synth/v2005/kmeans_dist_core_pipelined.v:63$111, $flatten\u_axil.\u_core.$ge$/home/bao/ECE410-HW4AI/project/m3/synth/v2005/kmeans_dist_core_pipelined.v:60$109: $auto$alumacc.cc:485:replace_alu$2972
  creating $alu cell for $flatten\u_axil.\u_core.$sub$/home/bao/ECE410-HW4AI/project/m3/synth/v2005/kmeans_dist_core_pipelined.v:63$116, $flatten\u_axil.\u_core.$ge$/home/bao/ECE410-HW4AI/project/m3/synth/v2005/kmeans_dist_core_pipelined.v:60$114: $auto$alumacc.cc:485:replace_alu$2981
  creating $alu cell for $flatten\u_axil.\u_core.$sub$/home/bao/ECE410-HW4AI/project/m3/synth/v2005/kmeans_dist_core_pipelined.v:63$121, $flatten\u_axil.\u_core.$ge$/home/bao/ECE410-HW4AI/project/m3/synth/v2005/kmeans_dist_core_pipelined.v:60$119: $auto$alumacc.cc:485:replace_alu$2990
  creating $alu cell for $flatten\u_axil.\u_core.$sub$/home/bao/ECE410-HW4AI/project/m3/synth/v2005/kmeans_dist_core_pipelined.v:63$126, $flatten\u_axil.\u_core.$ge$/home/bao/ECE410-HW4AI/project/m3/synth/v2005/kmeans_dist_core_pipelined.v:60$124: $auto$alumacc.cc:485:replace_alu$2999
  creating $alu cell for $flatten\u_axil.\u_core.$sub$/home/bao/ECE410-HW4AI/project/m3/synth/v2005/kmeans_dist_core_pipelined.v:63$131: $auto$alumacc.cc:485:replace_alu$3008
  creating $alu cell for $flatten\u_axil.\u_core.$sub$/home/bao/ECE410-HW4AI/project/m3/synth/v2005/kmeans_dist_core_pipelined.v:63$136: $auto$alumacc.cc:485:replace_alu$3011
  creating $alu cell for $flatten\u_axil.\u_core.$sub$/home/bao/ECE410-HW4AI/project/m3/synth/v2005/kmeans_dist_core_pipelined.v:63$141: $auto$alumacc.cc:485:replace_alu$3014
  creating $alu cell for $flatten\u_axil.\u_core.$sub$/home/bao/ECE410-HW4AI/project/m3/synth/v2005/kmeans_dist_core_pipelined.v:63$146: $auto$alumacc.cc:485:replace_alu$3017
  creating $alu cell for $flatten\u_axil.\u_core.$sub$/home/bao/ECE410-HW4AI/project/m3/synth/v2005/kmeans_dist_core_pipelined.v:63$151: $auto$alumacc.cc:485:replace_alu$3020
  creating $alu cell for $flatten\u_axil.\u_core.$sub$/home/bao/ECE410-HW4AI/project/m3/synth/v2005/kmeans_dist_core_pipelined.v:63$156: $auto$alumacc.cc:485:replace_alu$3023
  creating $alu cell for $flatten\u_axil.\u_core.$sub$/home/bao/ECE410-HW4AI/project/m3/synth/v2005/kmeans_dist_core_pipelined.v:63$161: $auto$alumacc.cc:485:replace_alu$3026
  creating $alu cell for $flatten\u_axil.\u_core.$sub$/home/bao/ECE410-HW4AI/project/m3/synth/v2005/kmeans_dist_core_pipelined.v:63$166: $auto$alumacc.cc:485:replace_alu$3029
  creating $alu cell for $flatten\u_axil.\u_core.$sub$/home/bao/ECE410-HW4AI/project/m3/synth/v2005/kmeans_dist_core_pipelined.v:63$171: $auto$alumacc.cc:485:replace_alu$3032
  creating $alu cell for $flatten\u_axil.\u_core.$sub$/home/bao/ECE410-HW4AI/project/m3/synth/v2005/kmeans_dist_core_pipelined.v:63$176: $auto$alumacc.cc:485:replace_alu$3035
  creating $alu cell for $flatten\u_axil.\u_core.$sub$/home/bao/ECE410-HW4AI/project/m3/synth/v2005/kmeans_dist_core_pipelined.v:63$181: $auto$alumacc.cc:485:replace_alu$3038
  creating $alu cell for $flatten\u_axil.\u_core.$sub$/home/bao/ECE410-HW4AI/project/m3/synth/v2005/kmeans_dist_core_pipelined.v:63$186: $auto$alumacc.cc:485:replace_alu$3041
  creating $alu cell for $flatten\u_axil.\u_core.$sub$/home/bao/ECE410-HW4AI/project/m3/synth/v2005/kmeans_dist_core_pipelined.v:63$191: $auto$alumacc.cc:485:replace_alu$3044
  creating $alu cell for $flatten\u_axil.\u_core.$sub$/home/bao/ECE410-HW4AI/project/m3/synth/v2005/kmeans_dist_core_pipelined.v:63$196: $auto$alumacc.cc:485:replace_alu$3047
  creating $alu cell for $flatten\u_axil.\u_core.$sub$/home/bao/ECE410-HW4AI/project/m3/synth/v2005/kmeans_dist_core_pipelined.v:63$201: $auto$alumacc.cc:485:replace_alu$3050
  creating $alu cell for $flatten\u_axil.\u_core.$sub$/home/bao/ECE410-HW4AI/project/m3/synth/v2005/kmeans_dist_core_pipelined.v:63$206: $auto$alumacc.cc:485:replace_alu$3053
  creating $alu cell for $flatten\u_axil.\u_core.$sub$/home/bao/ECE410-HW4AI/project/m3/synth/v2005/kmeans_dist_core_pipelined.v:63$211: $auto$alumacc.cc:485:replace_alu$3056
  creating $alu cell for $flatten\u_axil.\u_core.$sub$/home/bao/ECE410-HW4AI/project/m3/synth/v2005/kmeans_dist_core_pipelined.v:63$216: $auto$alumacc.cc:485:replace_alu$3059
  creating $alu cell for $flatten\u_axil.\u_core.$sub$/home/bao/ECE410-HW4AI/project/m3/synth/v2005/kmeans_dist_core_pipelined.v:63$221: $auto$alumacc.cc:485:replace_alu$3062
  creating $alu cell for $flatten\u_axil.\u_core.$sub$/home/bao/ECE410-HW4AI/project/m3/synth/v2005/kmeans_dist_core_pipelined.v:63$226: $auto$alumacc.cc:485:replace_alu$3065
  creating $alu cell for $flatten\u_axil.\u_core.$sub$/home/bao/ECE410-HW4AI/project/m3/synth/v2005/kmeans_dist_core_pipelined.v:63$231: $auto$alumacc.cc:485:replace_alu$3068
  creating $alu cell for $flatten\u_axil.\u_core.$sub$/home/bao/ECE410-HW4AI/project/m3/synth/v2005/kmeans_dist_core_pipelined.v:63$236: $auto$alumacc.cc:485:replace_alu$3071
  creating $alu cell for $flatten\u_axil.\u_core.$sub$/home/bao/ECE410-HW4AI/project/m3/synth/v2005/kmeans_dist_core_pipelined.v:63$241: $auto$alumacc.cc:485:replace_alu$3074
  creating $alu cell for $flatten\u_axil.\u_core.$sub$/home/bao/ECE410-HW4AI/project/m3/synth/v2005/kmeans_dist_core_pipelined.v:63$246: $auto$alumacc.cc:485:replace_alu$3077
  creating $alu cell for $flatten\u_axil.\u_core.$sub$/home/bao/ECE410-HW4AI/project/m3/synth/v2005/kmeans_dist_core_pipelined.v:63$251: $auto$alumacc.cc:485:replace_alu$3080
  creating $alu cell for $flatten\u_axil.\u_core.$sub$/home/bao/ECE410-HW4AI/project/m3/synth/v2005/kmeans_dist_core_pipelined.v:63$256: $auto$alumacc.cc:485:replace_alu$3083
  created 111 $alu and 64 $macc cells.

68. Executing SHARE pass (SAT-based resource sharing).

69. Executing OPT_EXPR pass (perform const folding).
Optimizing module top.
<suppressed ~30 debug messages>

70. Executing OPT_MERGE pass (detect identical cells).
Finding identical cells in module `\top'.
Removed a total of 0 cells.

71. Executing OPT_MUXTREE pass (detect dead branches in mux trees).
Running muxtree optimizer on module \top..
  Creating internal representation of mux trees.
  Evaluating internal representation of mux trees.
  Analyzing evaluation results.
Removed 0 multiplexer ports.
<suppressed ~81 debug messages>

72. Executing OPT_REDUCE pass (consolidate $*mux and $reduce_* inputs).
  Optimizing cells in module \top.
Performed a total of 0 changes.

73. Executing OPT_MERGE pass (detect identical cells).
Finding identical cells in module `\top'.
Removed a total of 0 cells.

74. Executing OPT_DFF pass (perform DFF optimizations).
Adding SRST signal on $auto$ff.cc:266:slice$1857 ($sdff) from module top (D = \u_axil.u_core.l1_d[7] [17:10], Q = \u_axil.u_core.s2_d[3] [17:10], rval = 8'00000000).
Setting constant 0-bit at position 10 on $auto$ff.cc:266:slice$1836 ($sdff) from module top.
Setting constant 0-bit at position 11 on $auto$ff.cc:266:slice$1836 ($sdff) from module top.
Setting constant 0-bit at position 12 on $auto$ff.cc:266:slice$1836 ($sdff) from module top.
Setting constant 0-bit at position 13 on $auto$ff.cc:266:slice$1836 ($sdff) from module top.
Setting constant 0-bit at position 14 on $auto$ff.cc:266:slice$1836 ($sdff) from module top.
Setting constant 0-bit at position 15 on $auto$ff.cc:266:slice$1836 ($sdff) from module top.
Setting constant 0-bit at position 16 on $auto$ff.cc:266:slice$1836 ($sdff) from module top.
Setting constant 0-bit at position 17 on $auto$ff.cc:266:slice$1836 ($sdff) from module top.

75. Executing OPT_CLEAN pass (remove unused cells and wires).
Finding unused cells or wires in module \top..
Removed 31 unused cells and 94 unused wires.
<suppressed ~32 debug messages>

76. Executing OPT_EXPR pass (perform const folding).
Optimizing module top.

77. Rerunning OPT passes. (Maybe there is more to do…)

78. Executing OPT_MUXTREE pass (detect dead branches in mux trees).
Running muxtree optimizer on module \top..
  Creating internal representation of mux trees.
  Evaluating internal representation of mux trees.
  Analyzing evaluation results.
Removed 0 multiplexer ports.
<suppressed ~81 debug messages>

79. Executing OPT_REDUCE pass (consolidate $*mux and $reduce_* inputs).
  Optimizing cells in module \top.
Performed a total of 0 changes.

80. Executing OPT_MERGE pass (detect identical cells).
Finding identical cells in module `\top'.
Removed a total of 0 cells.

81. Executing OPT_DFF pass (perform DFF optimizations).

82. Executing OPT_CLEAN pass (remove unused cells and wires).
Finding unused cells or wires in module \top..

83. Executing OPT_EXPR pass (perform const folding).
Optimizing module top.

84. Executing MEMORY pass.

84.1. Executing OPT_MEM pass (optimize memories).
Performed a total of 0 transformations.

84.2. Executing OPT_MEM_PRIORITY pass (removing unnecessary memory write priority relations).
Performed a total of 0 transformations.

84.3. Executing OPT_MEM_FEEDBACK pass (finding memory read-to-write feedback paths).

84.4. Executing MEMORY_BMUX2ROM pass (converting muxes to ROMs).

84.5. Executing MEMORY_DFF pass (merging $dff cells to $memrd).

84.6. Executing OPT_CLEAN pass (remove unused cells and wires).
Finding unused cells or wires in module \top..

84.7. Executing MEMORY_SHARE pass (consolidating $memrd/$memwr cells).

84.8. Executing OPT_MEM_WIDEN pass (optimize memories where all ports are wide).
Performed a total of 0 transformations.

84.9. Executing OPT_CLEAN pass (remove unused cells and wires).
Finding unused cells or wires in module \top..

84.10. Executing MEMORY_COLLECT pass (generating $mem cells).

85. Executing OPT_CLEAN pass (remove unused cells and wires).
Finding unused cells or wires in module \top..

86. Executing OPT_EXPR pass (perform const folding).
Optimizing module top.
<suppressed ~47 debug messages>

87. Executing OPT_MERGE pass (detect identical cells).
Finding identical cells in module `\top'.
Removed a total of 0 cells.

88. Executing OPT_DFF pass (perform DFF optimizations).

89. Executing OPT_CLEAN pass (remove unused cells and wires).
Finding unused cells or wires in module \top..
Removed 0 unused cells and 24 unused wires.
<suppressed ~1 debug messages>

90. Executing MEMORY_MAP pass (converting memories to logic and flip-flops).

91. Executing OPT_EXPR pass (perform const folding).
Optimizing module top.
<suppressed ~2 debug messages>

92. Executing OPT_MERGE pass (detect identical cells).
Finding identical cells in module `\top'.
<suppressed ~3 debug messages>
Removed a total of 1 cells.

93. Executing OPT_MUXTREE pass (detect dead branches in mux trees).
Running muxtree optimizer on module \top..
  Creating internal representation of mux trees.
  Evaluating internal representation of mux trees.
  Analyzing evaluation results.
Removed 0 multiplexer ports.
<suppressed ~76 debug messages>

94. Executing OPT_REDUCE pass (consolidate $*mux and $reduce_* inputs).
  Optimizing cells in module \top.
    New ctrl vector for $pmux cell $flatten\u_axil.$procmux$1030: \u_axil.wr_state [3]
    Consolidated identical input bits for $pmux cell $flatten\u_axil.$procmux$1045:
      Old ports: A=2'00, B=4'0000, Y=$flatten\u_axil.$0\bresp[1:0]
      New connections: $flatten\u_axil.$0\bresp[1:0] = 2'00
    New ctrl vector for $pmux cell $flatten\u_axil.$procmux$1056: \u_axil.wr_state [3]
    New ctrl vector for $pmux cell $flatten\u_axil.$procmux$1072: \u_axil.wr_state [3]
    Consolidated identical input bits for $pmux cell $flatten\u_axil.$procmux$358:
      Old ports: A=32'11011110101011011011111011101111, B={ 30'000000000000000000000000000000 \u_axil.busy \u_axil.status_done 28'0000000000000000000000000000 \u_axil.u_core.label 14'00000000000000 \u_axil.u_core.min_dist }, Y=$flatten\u_axil.$procmux$358_Y
      New ports: A=19'1011011111011101111, B={ 17'00000000000000000 \u_axil.busy \u_axil.status_done 15'000000000000000 \u_axil.u_core.label 1'0 \u_axil.u_core.min_dist }, Y=$flatten\u_axil.$procmux$358_Y [18:0]
      New connections: $flatten\u_axil.$procmux$358_Y [31:19] = { $flatten\u_axil.$procmux$358_Y [18] $flatten\u_axil.$procmux$358_Y [18] 1'0 $flatten\u_axil.$procmux$358_Y [18] $flatten\u_axil.$procmux$358_Y [18] $flatten\u_axil.$procmux$358_Y [18] $flatten\u_axil.$procmux$358_Y [18] 1'0 $flatten\u_axil.$procmux$358_Y [18] 1'0 $flatten\u_axil.$procmux$358_Y [18] 1'0 $flatten\u_axil.$procmux$358_Y [18] }
    Consolidated identical input bits for $mux cell $flatten\u_axil.\u_core.$procmux$1151:
      Old ports: A={ 3'111 \u_axil.u_core.l1_l[7] [0] }, B={ 3'110 \u_axil.u_core.l1_l[6] [0] }, Y=\u_axil.u_core.s2_l_c[3]
      New ports: A={ 1'1 \u_axil.u_core.l1_l[7] [0] }, B={ 1'0 \u_axil.u_core.l1_l[6] [0] }, Y=\u_axil.u_core.s2_l_c[3] [1:0]
      New connections: \u_axil.u_core.s2_l_c[3] [3:2] = 2'11
    Consolidated identical input bits for $mux cell $flatten\u_axil.\u_core.$procmux$1157:
      Old ports: A={ 3'101 \u_axil.u_core.l1_l[5] [0] }, B={ 3'100 \u_axil.u_core.l1_l[4] [0] }, Y=\u_axil.u_core.s2_l_c[2]
      New ports: A={ 1'1 \u_axil.u_core.l1_l[5] [0] }, B={ 1'0 \u_axil.u_core.l1_l[4] [0] }, Y=\u_axil.u_core.s2_l_c[2] [1:0]
      New connections: \u_axil.u_core.s2_l_c[2] [3:2] = 2'10
    Consolidated identical input bits for $mux cell $flatten\u_axil.\u_core.$procmux$1160:
      Old ports: A={ 8'00000000 \u_axil.u_core.l1_d[5] [9:0] }, B={ 8'00000000 \u_axil.u_core.l1_d[4] [9:0] }, Y=\u_axil.u_core.s2_d_c[2]
      New ports: A=\u_axil.u_core.l1_d[5] [9:0], B=\u_axil.u_core.l1_d[4] [9:0], Y=\u_axil.u_core.s2_d_c[2] [9:0]
      New connections: \u_axil.u_core.s2_d_c[2] [17:10] = 8'00000000
    Consolidated identical input bits for $mux cell $flatten\u_axil.\u_core.$procmux$1163:
      Old ports: A={ 3'011 \u_axil.u_core.l1_l[3] [0] }, B={ 3'010 \u_axil.u_core.l1_l[2] [0] }, Y=\u_axil.u_core.s2_l_c[1]
      New ports: A={ 1'1 \u_axil.u_core.l1_l[3] [0] }, B={ 1'0 \u_axil.u_core.l1_l[2] [0] }, Y=\u_axil.u_core.s2_l_c[1] [1:0]
      New connections: \u_axil.u_core.s2_l_c[1] [3:2] = 2'01
    Consolidated identical input bits for $mux cell $flatten\u_axil.\u_core.$procmux$1166:
      Old ports: A={ 8'00000000 \u_axil.u_core.l1_d[3] [9:0] }, B={ 8'00000000 \u_axil.u_core.l1_d[2] [9:0] }, Y=\u_axil.u_core.s2_d_c[1]
      New ports: A=\u_axil.u_core.l1_d[3] [9:0], B=\u_axil.u_core.l1_d[2] [9:0], Y=\u_axil.u_core.s2_d_c[1] [9:0]
      New connections: \u_axil.u_core.s2_d_c[1] [17:10] = 8'00000000
    Consolidated identical input bits for $mux cell $flatten\u_axil.\u_core.$procmux$1169:
      Old ports: A={ 3'001 \u_axil.u_core.l1_l[1] [0] }, B={ 3'000 \u_axil.u_core.l1_l[0] [0] }, Y=\u_axil.u_core.s2_l_c[0]
      New ports: A={ 1'1 \u_axil.u_core.l1_l[1] [0] }, B={ 1'0 \u_axil.u_core.l1_l[0] [0] }, Y=\u_axil.u_core.s2_l_c[0] [1:0]
      New connections: \u_axil.u_core.s2_l_c[0] [3:2] = 2'00
    Consolidated identical input bits for $mux cell $flatten\u_axil.\u_core.$procmux$1172:
      Old ports: A={ 8'00000000 \u_axil.u_core.l1_d[1] [9:0] }, B={ 8'00000000 \u_axil.u_core.l1_d[0] [9:0] }, Y=\u_axil.u_core.s2_d_c[0]
      New ports: A=\u_axil.u_core.l1_d[1] [9:0], B=\u_axil.u_core.l1_d[0] [9:0], Y=\u_axil.u_core.s2_d_c[0] [9:0]
      New connections: \u_axil.u_core.s2_d_c[0] [17:10] = 8'00000000
    Consolidated identical input bits for $mux cell $flatten\u_axil.\u_core.$procmux$1178:
      Old ports: A={ 8'00000000 \u_axil.u_core.s1_kdist[15] [9:0] }, B={ 8'00000000 \u_axil.u_core.s1_kdist[14] [9:0] }, Y=\u_axil.u_core.l1_d[7]
      New ports: A=\u_axil.u_core.s1_kdist[15] [9:0], B=\u_axil.u_core.s1_kdist[14] [9:0], Y=\u_axil.u_core.l1_d[7] [9:0]
      New connections: \u_axil.u_core.l1_d[7] [17:10] = 8'00000000
  Optimizing cells in module \top.
    Consolidated identical input bits for $mux cell $flatten\u_axil.\u_core.$procmux$1154:
      Old ports: A=\u_axil.u_core.l1_d[7], B={ 8'00000000 \u_axil.u_core.l1_d[6] [9:0] }, Y=\u_axil.u_core.s2_d_c[3]
      New ports: A=\u_axil.u_core.l1_d[7] [9:0], B=\u_axil.u_core.l1_d[6] [9:0], Y=\u_axil.u_core.s2_d_c[3] [9:0]
      New connections: \u_axil.u_core.s2_d_c[3] [17:10] = 8'00000000
  Optimizing cells in module \top.
Performed a total of 14 changes.

95. Executing OPT_MERGE pass (detect identical cells).
Finding identical cells in module `\top'.
<suppressed ~3 debug messages>
Removed a total of 1 cells.

96. Executing OPT_SHARE pass.

97. Executing OPT_DFF pass (perform DFF optimizations).

98. Executing OPT_CLEAN pass (remove unused cells and wires).
Finding unused cells or wires in module \top..
Removed 0 unused cells and 4 unused wires.
<suppressed ~1 debug messages>

99. Executing OPT_EXPR pass (perform const folding).
Optimizing module top.
<suppressed ~2 debug messages>

100. Rerunning OPT passes. (Maybe there is more to do…)

101. Executing OPT_MUXTREE pass (detect dead branches in mux trees).
Running muxtree optimizer on module \top..
  Creating internal representation of mux trees.
  Evaluating internal representation of mux trees.
  Analyzing evaluation results.
Removed 0 multiplexer ports.
<suppressed ~72 debug messages>

102. Executing OPT_REDUCE pass (consolidate $*mux and $reduce_* inputs).
  Optimizing cells in module \top.
Performed a total of 0 changes.

103. Executing OPT_MERGE pass (detect identical cells).
Finding identical cells in module `\top'.
Removed a total of 0 cells.

104. Executing OPT_SHARE pass.

105. Executing OPT_DFF pass (perform DFF optimizations).
Setting constant 0-bit at position 2 on $auto$ff.cc:266:slice$1854 ($sdff) from module top.
Setting constant 0-bit at position 3 on $auto$ff.cc:266:slice$1855 ($sdff) from module top.
Setting constant 0-bit at position 2 on $auto$ff.cc:266:slice$1856 ($sdff) from module top.
Setting constant 0-bit at position 3 on $auto$ff.cc:266:slice$1856 ($sdff) from module top.
Setting constant 0-bit at position 10 on $auto$ff.cc:266:slice$1858 ($sdff) from module top.
Setting constant 0-bit at position 11 on $auto$ff.cc:266:slice$1858 ($sdff) from module top.
Setting constant 0-bit at position 12 on $auto$ff.cc:266:slice$1858 ($sdff) from module top.
Setting constant 0-bit at position 13 on $auto$ff.cc:266:slice$1858 ($sdff) from module top.
Setting constant 0-bit at position 14 on $auto$ff.cc:266:slice$1858 ($sdff) from module top.
Setting constant 0-bit at position 15 on $auto$ff.cc:266:slice$1858 ($sdff) from module top.
Setting constant 0-bit at position 16 on $auto$ff.cc:266:slice$1858 ($sdff) from module top.
Setting constant 0-bit at position 17 on $auto$ff.cc:266:slice$1858 ($sdff) from module top.
Setting constant 0-bit at position 10 on $auto$ff.cc:266:slice$1859 ($sdff) from module top.
Setting constant 0-bit at position 11 on $auto$ff.cc:266:slice$1859 ($sdff) from module top.
Setting constant 0-bit at position 12 on $auto$ff.cc:266:slice$1859 ($sdff) from module top.
Setting constant 0-bit at position 13 on $auto$ff.cc:266:slice$1859 ($sdff) from module top.
Setting constant 0-bit at position 14 on $auto$ff.cc:266:slice$1859 ($sdff) from module top.
Setting constant 0-bit at position 15 on $auto$ff.cc:266:slice$1859 ($sdff) from module top.
Setting constant 0-bit at position 16 on $auto$ff.cc:266:slice$1859 ($sdff) from module top.
Setting constant 0-bit at position 17 on $auto$ff.cc:266:slice$1859 ($sdff) from module top.
Setting constant 0-bit at position 10 on $auto$ff.cc:266:slice$1860 ($sdff) from module top.
Setting constant 0-bit at position 11 on $auto$ff.cc:266:slice$1860 ($sdff) from module top.
Setting constant 0-bit at position 12 on $auto$ff.cc:266:slice$1860 ($sdff) from module top.
Setting constant 0-bit at position 13 on $auto$ff.cc:266:slice$1860 ($sdff) from module top.
Setting constant 0-bit at position 14 on $auto$ff.cc:266:slice$1860 ($sdff) from module top.
Setting constant 0-bit at position 15 on $auto$ff.cc:266:slice$1860 ($sdff) from module top.
Setting constant 0-bit at position 16 on $auto$ff.cc:266:slice$1860 ($sdff) from module top.
Setting constant 0-bit at position 17 on $auto$ff.cc:266:slice$1860 ($sdff) from module top.
Setting constant 0-bit at position 0 on $auto$ff.cc:266:slice$2049 ($adffe) from module top.
Setting constant 0-bit at position 1 on $auto$ff.cc:266:slice$2049 ($adffe) from module top.
Setting constant 0-bit at position 20 on $auto$ff.cc:266:slice$2098 ($adffe) from module top.
Setting constant 0-bit at position 22 on $auto$ff.cc:266:slice$2098 ($adffe) from module top.
Setting constant 0-bit at position 24 on $auto$ff.cc:266:slice$2098 ($adffe) from module top.
Setting constant 0-bit at position 29 on $auto$ff.cc:266:slice$2098 ($adffe) from module top.
Setting constant 0-bit at position 0 on $auto$ff.cc:266:slice$3086 ($sdff) from module top.
Setting constant 0-bit at position 1 on $auto$ff.cc:266:slice$3086 ($sdff) from module top.
Setting constant 0-bit at position 2 on $auto$ff.cc:266:slice$3086 ($sdff) from module top.
Setting constant 0-bit at position 3 on $auto$ff.cc:266:slice$3086 ($sdff) from module top.
Setting constant 0-bit at position 4 on $auto$ff.cc:266:slice$3086 ($sdff) from module top.
Setting constant 0-bit at position 5 on $auto$ff.cc:266:slice$3086 ($sdff) from module top.
Setting constant 0-bit at position 6 on $auto$ff.cc:266:slice$3086 ($sdff) from module top.
Setting constant 0-bit at position 7 on $auto$ff.cc:266:slice$3086 ($sdff) from module top.

106. Executing OPT_CLEAN pass (remove unused cells and wires).
Finding unused cells or wires in module \top..
Removed 4 unused cells and 5 unused wires.
<suppressed ~5 debug messages>

107. Executing OPT_EXPR pass (perform const folding).
Optimizing module top.

108. Rerunning OPT passes. (Maybe there is more to do…)

109. Executing OPT_MUXTREE pass (detect dead branches in mux trees).
Running muxtree optimizer on module \top..
  Creating internal representation of mux trees.
  Evaluating internal representation of mux trees.
  Analyzing evaluation results.
Removed 0 multiplexer ports.
<suppressed ~72 debug messages>

110. Executing OPT_REDUCE pass (consolidate $*mux and $reduce_* inputs).
  Optimizing cells in module \top.
    Consolidated identical input bits for $mux cell $flatten\u_axil.\u_core.$procmux$1113:
      Old ports: A={ 8'00000000 \u_axil.u_core.s2_d[3] [9:0] }, B={ 8'00000000 \u_axil.u_core.s2_d[2] [9:0] }, Y=\u_axil.u_core.l3_d1
      New ports: A=\u_axil.u_core.s2_d[3] [9:0], B=\u_axil.u_core.s2_d[2] [9:0], Y=\u_axil.u_core.l3_d1 [9:0]
      New connections: \u_axil.u_core.l3_d1 [17:10] = 8'00000000
    Consolidated identical input bits for $mux cell $flatten\u_axil.\u_core.$procmux$1116:
      Old ports: A={ 1'0 \u_axil.u_core.s2_l[1] [2:0] }, B={ 2'00 \u_axil.u_core.s2_l[0] [1:0] }, Y=\u_axil.u_core.l3_l0
      New ports: A=\u_axil.u_core.s2_l[1] [2:0], B={ 1'0 \u_axil.u_core.s2_l[0] [1:0] }, Y=\u_axil.u_core.l3_l0 [2:0]
      New connections: \u_axil.u_core.l3_l0 [3] = 1'0
    Consolidated identical input bits for $mux cell $flatten\u_axil.\u_core.$procmux$1119:
      Old ports: A={ 8'00000000 \u_axil.u_core.s2_d[1] [9:0] }, B={ 8'00000000 \u_axil.u_core.s2_d[0] [9:0] }, Y=\u_axil.u_core.l3_d0
      New ports: A=\u_axil.u_core.s2_d[1] [9:0], B=\u_axil.u_core.s2_d[0] [9:0], Y=\u_axil.u_core.l3_d0 [9:0]
      New connections: \u_axil.u_core.l3_d0 [17:10] = 8'00000000
  Optimizing cells in module \top.
    Consolidated identical input bits for $mux cell $flatten\u_axil.\u_core.$procmux$1107:
      Old ports: A=\u_axil.u_core.l3_d1, B=\u_axil.u_core.l3_d0, Y=\u_axil.u_core.s3_d_c
      New ports: A=\u_axil.u_core.l3_d1 [9:0], B=\u_axil.u_core.l3_d0 [9:0], Y=\u_axil.u_core.s3_d_c [9:0]
      New connections: \u_axil.u_core.s3_d_c [17:10] = 8'00000000
  Optimizing cells in module \top.
Performed a total of 4 changes.

111. Executing OPT_MERGE pass (detect identical cells).
Finding identical cells in module `\top'.
Removed a total of 0 cells.

112. Executing OPT_SHARE pass.

113. Executing OPT_DFF pass (perform DFF optimizations).

114. Executing OPT_CLEAN pass (remove unused cells and wires).
Finding unused cells or wires in module \top..

115. Executing OPT_EXPR pass (perform const folding).
Optimizing module top.

116. Rerunning OPT passes. (Maybe there is more to do…)

117. Executing OPT_MUXTREE pass (detect dead branches in mux trees).
Running muxtree optimizer on module \top..
  Creating internal representation of mux trees.
  Evaluating internal representation of mux trees.
  Analyzing evaluation results.
Removed 0 multiplexer ports.
<suppressed ~72 debug messages>

118. Executing OPT_REDUCE pass (consolidate $*mux and $reduce_* inputs).
  Optimizing cells in module \top.
Performed a total of 0 changes.

119. Executing OPT_MERGE pass (detect identical cells).
Finding identical cells in module `\top'.
Removed a total of 0 cells.

120. Executing OPT_SHARE pass.

121. Executing OPT_DFF pass (perform DFF optimizations).
Adding SRST signal on $auto$ff.cc:266:slice$1862 ($sdff) from module top (D = \u_axil.u_core.l3_l1 [3], Q = \u_axil.u_core.label [3], rval = 1'0).
Setting constant 0-bit at position 10 on $auto$ff.cc:266:slice$1863 ($sdff) from module top.
Setting constant 0-bit at position 11 on $auto$ff.cc:266:slice$1863 ($sdff) from module top.
Setting constant 0-bit at position 12 on $auto$ff.cc:266:slice$1863 ($sdff) from module top.
Setting constant 0-bit at position 13 on $auto$ff.cc:266:slice$1863 ($sdff) from module top.
Setting constant 0-bit at position 14 on $auto$ff.cc:266:slice$1863 ($sdff) from module top.
Setting constant 0-bit at position 15 on $auto$ff.cc:266:slice$1863 ($sdff) from module top.
Setting constant 0-bit at position 16 on $auto$ff.cc:266:slice$1863 ($sdff) from module top.
Setting constant 0-bit at position 17 on $auto$ff.cc:266:slice$1863 ($sdff) from module top.

122. Executing OPT_CLEAN pass (remove unused cells and wires).
Finding unused cells or wires in module \top..

123. Executing OPT_EXPR pass (perform const folding).
Optimizing module top.

124. Rerunning OPT passes. (Maybe there is more to do…)

125. Executing OPT_MUXTREE pass (detect dead branches in mux trees).
Running muxtree optimizer on module \top..
  Creating internal representation of mux trees.
  Evaluating internal representation of mux trees.
  Analyzing evaluation results.
Removed 0 multiplexer ports.
<suppressed ~73 debug messages>

126. Executing OPT_REDUCE pass (consolidate $*mux and $reduce_* inputs).
  Optimizing cells in module \top.
    Consolidated identical input bits for $pmux cell $flatten\u_axil.$procmux$358:
      Old ports: A=19'1011011111011101111, B={ 17'00000000000000000 \u_axil.busy \u_axil.status_done 15'000000000000000 \u_axil.u_core.label 9'000000000 \u_axil.u_core.min_dist [9:0] }, Y={ $flatten\u_axil.$procmux$358_Y [31] $flatten\u_axil.$procmux$358_Y [17:0] }
      New ports: A=11'11011101111, B={ 9'000000000 \u_axil.busy \u_axil.status_done 7'0000000 \u_axil.u_core.label 1'0 \u_axil.u_core.min_dist [9:0] }, Y=$flatten\u_axil.$procmux$358_Y [10:0]
      New connections: { $flatten\u_axil.$procmux$358_Y [31] $flatten\u_axil.$procmux$358_Y [17:11] } = { $flatten\u_axil.$procmux$358_Y [10] 1'0 $flatten\u_axil.$procmux$358_Y [10] $flatten\u_axil.$procmux$358_Y [10] 1'0 $flatten\u_axil.$procmux$358_Y [10] $flatten\u_axil.$procmux$358_Y [10] $flatten\u_axil.$procmux$358_Y [10] }
  Optimizing cells in module \top.
Performed a total of 1 changes.

127. Executing OPT_MERGE pass (detect identical cells).
Finding identical cells in module `\top'.
Removed a total of 0 cells.

128. Executing OPT_SHARE pass.

129. Executing OPT_DFF pass (perform DFF optimizations).

130. Executing OPT_CLEAN pass (remove unused cells and wires).
Finding unused cells or wires in module \top..

131. Executing OPT_EXPR pass (perform const folding).
Optimizing module top.

132. Rerunning OPT passes. (Maybe there is more to do…)

133. Executing OPT_MUXTREE pass (detect dead branches in mux trees).
Running muxtree optimizer on module \top..
  Creating internal representation of mux trees.
  Evaluating internal representation of mux trees.
  Analyzing evaluation results.
Removed 0 multiplexer ports.
<suppressed ~73 debug messages>

134. Executing OPT_REDUCE pass (consolidate $*mux and $reduce_* inputs).
  Optimizing cells in module \top.
Performed a total of 0 changes.

135. Executing OPT_MERGE pass (detect identical cells).
Finding identical cells in module `\top'.
Removed a total of 0 cells.

136. Executing OPT_SHARE pass.

137. Executing OPT_DFF pass (perform DFF optimizations).
Setting constant 0-bit at position 14 on $auto$ff.cc:266:slice$3099 ($adffe) from module top.
Setting constant 0-bit at position 17 on $auto$ff.cc:266:slice$3099 ($adffe) from module top.

138. Executing OPT_CLEAN pass (remove unused cells and wires).
Finding unused cells or wires in module \top..

139. Executing OPT_EXPR pass (perform const folding).
Optimizing module top.

140. Rerunning OPT passes. (Maybe there is more to do…)

141. Executing OPT_MUXTREE pass (detect dead branches in mux trees).
Running muxtree optimizer on module \top..
  Creating internal representation of mux trees.
  Evaluating internal representation of mux trees.
  Analyzing evaluation results.
Removed 0 multiplexer ports.
<suppressed ~73 debug messages>

142. Executing OPT_REDUCE pass (consolidate $*mux and $reduce_* inputs).
  Optimizing cells in module \top.
Performed a total of 0 changes.

143. Executing OPT_MERGE pass (detect identical cells).
Finding identical cells in module `\top'.
Removed a total of 0 cells.

144. Executing OPT_SHARE pass.

145. Executing OPT_DFF pass (perform DFF optimizations).

146. Executing OPT_CLEAN pass (remove unused cells and wires).
Finding unused cells or wires in module \top..

147. Executing OPT_EXPR pass (perform const folding).
Optimizing module top.

148. Executing TECHMAP pass (map to technology primitives).

148.1. Executing Verilog-2005 frontend: /nix/store/9r0bh7sp051dpm8km8bqlb028anpd3v3-yosys/bin/../share/yosys/techmap.v
Parsing Verilog input from `/nix/store/9r0bh7sp051dpm8km8bqlb028anpd3v3-yosys/bin/../share/yosys/techmap.v' to AST representation.
Generating RTLIL representation for module `\_90_simplemap_bool_ops'.
Generating RTLIL representation for module `\_90_simplemap_reduce_ops'.
Generating RTLIL representation for module `\_90_simplemap_logic_ops'.
Generating RTLIL representation for module `\_90_simplemap_compare_ops'.
Generating RTLIL representation for module `\_90_simplemap_various'.
Generating RTLIL representation for module `\_90_simplemap_registers'.
Generating RTLIL representation for module `\_90_shift_ops_shr_shl_sshl_sshr'.
Generating RTLIL representation for module `\_90_shift_shiftx'.
Generating RTLIL representation for module `\_90_fa'.
Generating RTLIL representation for module `\_90_lcu_brent_kung'.
Generating RTLIL representation for module `\_90_alu'.
Generating RTLIL representation for module `\_90_macc'.
Generating RTLIL representation for module `\_90_alumacc'.
Generating RTLIL representation for module `\$__div_mod_u'.
Generating RTLIL representation for module `\$__div_mod_trunc'.
Generating RTLIL representation for module `\_90_div'.
Generating RTLIL representation for module `\_90_mod'.
Generating RTLIL representation for module `\$__div_mod_floor'.
Generating RTLIL representation for module `\_90_divfloor'.
Generating RTLIL representation for module `\_90_modfloor'.
Generating RTLIL representation for module `\_90_pow'.
Generating RTLIL representation for module `\_90_pmux'.
Generating RTLIL representation for module `\_90_demux'.
Generating RTLIL representation for module `\_90_lut'.
Successfully finished Verilog frontend.

148.2. Continuing TECHMAP pass.
Using extmapper simplemap for cells of type $or.
Using extmapper maccmap for cells of type $macc.
  add $flatten\u_axil.\u_core.$1\ad_kd[12][7:0] * $flatten\u_axil.\u_core.$1\ad_kd[12][7:0] (8x8 bits, unsigned)
Using template $paramod$609c2088969c57dd2ff06ce43a3a0067f8ec1422\_90_alu for cells of type $alu.
Using extmapper simplemap for cells of type $not.
Using extmapper simplemap for cells of type $reduce_and.
Using extmapper simplemap for cells of type $reduce_or.
Using extmapper simplemap for cells of type $sdff.
Using extmapper simplemap for cells of type $and.
Using extmapper simplemap for cells of type $logic_not.
Using extmapper simplemap for cells of type $reduce_bool.
Using extmapper simplemap for cells of type $ne.
Using extmapper simplemap for cells of type $adff.
Using extmapper simplemap for cells of type $eq.
Using template $paramod$a1bc51c02ce12ac21eb18988e83292af48ed7d72\_90_alu for cells of type $alu.
  add $auto$wreduce.cc:461:run$2134 [7:0] (8 bits, unsigned)
  add $flatten\u_axil.\u_core.$mul$/home/bao/ECE410-HW4AI/project/m3/synth/v2005/kmeans_dist_core_pipelined.v:65$267_Y (8 bits, unsigned)
  add $flatten\u_axil.\u_core.$mul$/home/bao/ECE410-HW4AI/project/m3/synth/v2005/kmeans_dist_core_pipelined.v:65$262_Y (8 bits, unsigned)
  add $auto$wreduce.cc:461:run$2136 [7:0] (8 bits, unsigned)
  add $flatten\u_axil.\u_core.$mul$/home/bao/ECE410-HW4AI/project/m3/synth/v2005/kmeans_dist_core_pipelined.v:65$282_Y (8 bits, unsigned)
  add $flatten\u_axil.\u_core.$mul$/home/bao/ECE410-HW4AI/project/m3/synth/v2005/kmeans_dist_core_pipelined.v:65$277_Y (8 bits, unsigned)
  add $auto$wreduce.cc:461:run$2138 [7:0] (8 bits, unsigned)
  add $flatten\u_axil.\u_core.$mul$/home/bao/ECE410-HW4AI/project/m3/synth/v2005/kmeans_dist_core_pipelined.v:65$297_Y (8 bits, unsigned)
  add $flatten\u_axil.\u_core.$mul$/home/bao/ECE410-HW4AI/project/m3/synth/v2005/kmeans_dist_core_pipelined.v:65$292_Y (8 bits, unsigned)
  add $flatten\u_axil.\u_core.$1\ad_kd[1][7:0] * $flatten\u_axil.\u_core.$1\ad_kd[1][7:0] (8x8 bits, unsigned)
  add $auto$wreduce.cc:461:run$2140 [7:0] (8 bits, unsigned)
  add $flatten\u_axil.\u_core.$mul$/home/bao/ECE410-HW4AI/project/m3/synth/v2005/kmeans_dist_core_pipelined.v:65$312_Y (8 bits, unsigned)
  add $flatten\u_axil.\u_core.$mul$/home/bao/ECE410-HW4AI/project/m3/synth/v2005/kmeans_dist_core_pipelined.v:65$307_Y (8 bits, unsigned)
  add $auto$wreduce.cc:461:run$2142 [7:0] (8 bits, unsigned)
  add $flatten\u_axil.\u_core.$mul$/home/bao/ECE410-HW4AI/project/m3/synth/v2005/kmeans_dist_core_pipelined.v:65$87_Y (8 bits, unsigned)
  add $flatten\u_axil.\u_core.$mul$/home/bao/ECE410-HW4AI/project/m3/synth/v2005/kmeans_dist_core_pipelined.v:65$82_Y (8 bits, unsigned)
  add $flatten\u_axil.\u_core.$2\ad_kd[1][7:0] * $flatten\u_axil.\u_core.$2\ad_kd[1][7:0] (8x8 bits, unsigned)
  add \u_axil.u_core.ad_kd[1] * \u_axil.u_core.ad_kd[1] (8x8 bits, unsigned)
  add $flatten\u_axil.\u_core.$1\ad_kd[2][7:0] * $flatten\u_axil.\u_core.$1\ad_kd[2][7:0] (8x8 bits, unsigned)
  add $flatten\u_axil.\u_core.$2\ad_kd[2][7:0] * $flatten\u_axil.\u_core.$2\ad_kd[2][7:0] (8x8 bits, unsigned)
  add $flatten\u_axil.\u_core.$2\ad_kd[12][7:0] * $flatten\u_axil.\u_core.$2\ad_kd[12][7:0] (8x8 bits, unsigned)
  add \u_axil.u_core.ad_kd[2] * \u_axil.u_core.ad_kd[2] (8x8 bits, unsigned)
  add $flatten\u_axil.\u_core.$1\ad_kd[3][7:0] * $flatten\u_axil.\u_core.$1\ad_kd[3][7:0] (8x8 bits, unsigned)
  add $flatten\u_axil.\u_core.$2\ad_kd[3][7:0] * $flatten\u_axil.\u_core.$2\ad_kd[3][7:0] (8x8 bits, unsigned)
  add \u_axil.u_core.ad_kd[12] * \u_axil.u_core.ad_kd[12] (8x8 bits, unsigned)
  add \u_axil.u_core.ad_kd[3] * \u_axil.u_core.ad_kd[3] (8x8 bits, unsigned)
  add $flatten\u_axil.\u_core.$1\ad_kd[4][7:0] * $flatten\u_axil.\u_core.$1\ad_kd[4][7:0] (8x8 bits, unsigned)
  add $flatten\u_axil.\u_core.$2\ad_kd[4][7:0] * $flatten\u_axil.\u_core.$2\ad_kd[4][7:0] (8x8 bits, unsigned)
  add $flatten\u_axil.\u_core.$1\ad_kd[13][7:0] * $flatten\u_axil.\u_core.$1\ad_kd[13][7:0] (8x8 bits, unsigned)
  add \u_axil.u_core.ad_kd[4] * \u_axil.u_core.ad_kd[4] (8x8 bits, unsigned)
  add $flatten\u_axil.\u_core.$1\ad_kd[5][7:0] * $flatten\u_axil.\u_core.$1\ad_kd[5][7:0] (8x8 bits, unsigned)
  add $flatten\u_axil.\u_core.$2\ad_kd[5][7:0] * $flatten\u_axil.\u_core.$2\ad_kd[5][7:0] (8x8 bits, unsigned)
  add $flatten\u_axil.\u_core.$2\ad_kd[13][7:0] * $flatten\u_axil.\u_core.$2\ad_kd[13][7:0] (8x8 bits, unsigned)
  add \u_axil.u_core.ad_kd[5] * \u_axil.u_core.ad_kd[5] (8x8 bits, unsigned)
  add $flatten\u_axil.\u_core.$1\ad_kd[6][7:0] * $flatten\u_axil.\u_core.$1\ad_kd[6][7:0] (8x8 bits, unsigned)
  add $flatten\u_axil.\u_core.$2\ad_kd[6][7:0] * $flatten\u_axil.\u_core.$2\ad_kd[6][7:0] (8x8 bits, unsigned)
  add \u_axil.u_core.ad_kd[13] * \u_axil.u_core.ad_kd[13] (8x8 bits, unsigned)
  add \u_axil.u_core.ad_kd[6] * \u_axil.u_core.ad_kd[6] (8x8 bits, unsigned)
  add $flatten\u_axil.\u_core.$1\ad_kd[7][7:0] * $flatten\u_axil.\u_core.$1\ad_kd[7][7:0] (8x8 bits, unsigned)
  add $flatten\u_axil.\u_core.$2\ad_kd[7][7:0] * $flatten\u_axil.\u_core.$2\ad_kd[7][7:0] (8x8 bits, unsigned)
  add $flatten\u_axil.\u_core.$1\ad_kd[14][7:0] * $flatten\u_axil.\u_core.$1\ad_kd[14][7:0] (8x8 bits, unsigned)
  add \u_axil.u_core.ad_kd[7] * \u_axil.u_core.ad_kd[7] (8x8 bits, unsigned)
  add $flatten\u_axil.\u_core.$1\ad_kd[8][7:0] * $flatten\u_axil.\u_core.$1\ad_kd[8][7:0] (8x8 bits, unsigned)
  add $flatten\u_axil.\u_core.$2\ad_kd[8][7:0] * $flatten\u_axil.\u_core.$2\ad_kd[8][7:0] (8x8 bits, unsigned)
  add $flatten\u_axil.\u_core.$2\ad_kd[14][7:0] * $flatten\u_axil.\u_core.$2\ad_kd[14][7:0] (8x8 bits, unsigned)
  add \u_axil.u_core.ad_kd[8] * \u_axil.u_core.ad_kd[8] (8x8 bits, unsigned)
  add $flatten\u_axil.\u_core.$1\ad_kd[9][7:0] * $flatten\u_axil.\u_core.$1\ad_kd[9][7:0] (8x8 bits, unsigned)
  add $flatten\u_axil.\u_core.$2\ad_kd[9][7:0] * $flatten\u_axil.\u_core.$2\ad_kd[9][7:0] (8x8 bits, unsigned)
  add \u_axil.u_core.ad_kd[14] * \u_axil.u_core.ad_kd[14] (8x8 bits, unsigned)
  add \u_axil.u_core.ad_kd[9] * \u_axil.u_core.ad_kd[9] (8x8 bits, unsigned)
  add $flatten\u_axil.\u_core.$1\ad_kd[10][7:0] * $flatten\u_axil.\u_core.$1\ad_kd[10][7:0] (8x8 bits, unsigned)
  add $flatten\u_axil.\u_core.$2\ad_kd[10][7:0] * $flatten\u_axil.\u_core.$2\ad_kd[10][7:0] (8x8 bits, unsigned)
  add $flatten\u_axil.\u_core.$1\ad_kd[15][7:0] * $flatten\u_axil.\u_core.$1\ad_kd[15][7:0] (8x8 bits, unsigned)
  add \u_axil.u_core.ad_kd[10] * \u_axil.u_core.ad_kd[10] (8x8 bits, unsigned)
  add $flatten\u_axil.\u_core.$1\ad_kd[11][7:0] * $flatten\u_axil.\u_core.$1\ad_kd[11][7:0] (8x8 bits, unsigned)
  add $flatten\u_axil.\u_core.$2\ad_kd[11][7:0] * $flatten\u_axil.\u_core.$2\ad_kd[11][7:0] (8x8 bits, unsigned)
  add $flatten\u_axil.\u_core.$2\ad_kd[15][7:0] * $flatten\u_axil.\u_core.$2\ad_kd[15][7:0] (8x8 bits, unsigned)
  add \u_axil.u_core.ad_kd[11] * \u_axil.u_core.ad_kd[11] (8x8 bits, unsigned)
  add $auto$wreduce.cc:461:run$2144 [7:0] (8 bits, unsigned)
  add $flatten\u_axil.\u_core.$mul$/home/bao/ECE410-HW4AI/project/m3/synth/v2005/kmeans_dist_core_pipelined.v:65$102_Y (8 bits, unsigned)
  add $flatten\u_axil.\u_core.$mul$/home/bao/ECE410-HW4AI/project/m3/synth/v2005/kmeans_dist_core_pipelined.v:65$97_Y (8 bits, unsigned)
  add $auto$wreduce.cc:461:run$2114 [7:0] (8 bits, unsigned)
  add $flatten\u_axil.\u_core.$mul$/home/bao/ECE410-HW4AI/project/m3/synth/v2005/kmeans_dist_core_pipelined.v:65$117_Y (8 bits, unsigned)
  add $flatten\u_axil.\u_core.$mul$/home/bao/ECE410-HW4AI/project/m3/synth/v2005/kmeans_dist_core_pipelined.v:65$112_Y (8 bits, unsigned)
  add \u_axil.u_core.ad_kd[15] * \u_axil.u_core.ad_kd[15] (8x8 bits, unsigned)
  add $auto$wreduce.cc:461:run$2116 [7:0] (8 bits, unsigned)
  add $flatten\u_axil.\u_core.$mul$/home/bao/ECE410-HW4AI/project/m3/synth/v2005/kmeans_dist_core_pipelined.v:65$132_Y (8 bits, unsigned)
  add $flatten\u_axil.\u_core.$mul$/home/bao/ECE410-HW4AI/project/m3/synth/v2005/kmeans_dist_core_pipelined.v:65$127_Y (8 bits, unsigned)
  add $auto$wreduce.cc:461:run$2118 [7:0] (8 bits, unsigned)
  add $flatten\u_axil.\u_core.$mul$/home/bao/ECE410-HW4AI/project/m3/synth/v2005/kmeans_dist_core_pipelined.v:65$147_Y (8 bits, unsigned)
  add $flatten\u_axil.\u_core.$mul$/home/bao/ECE410-HW4AI/project/m3/synth/v2005/kmeans_dist_core_pipelined.v:65$142_Y (8 bits, unsigned)
  add $auto$wreduce.cc:461:run$2120 [7:0] (8 bits, unsigned)
  add $flatten\u_axil.\u_core.$mul$/home/bao/ECE410-HW4AI/project/m3/synth/v2005/kmeans_dist_core_pipelined.v:65$162_Y (8 bits, unsigned)
  add $flatten\u_axil.\u_core.$mul$/home/bao/ECE410-HW4AI/project/m3/synth/v2005/kmeans_dist_core_pipelined.v:65$157_Y (8 bits, unsigned)
  add $flatten\u_axil.\u_core.$1\ad_kd[0][7:0] * $flatten\u_axil.\u_core.$1\ad_kd[0][7:0] (8x8 bits, unsigned)
  add $auto$wreduce.cc:461:run$2122 [7:0] (8 bits, unsigned)
  add $flatten\u_axil.\u_core.$mul$/home/bao/ECE410-HW4AI/project/m3/synth/v2005/kmeans_dist_core_pipelined.v:65$177_Y (8 bits, unsigned)
  add $flatten\u_axil.\u_core.$mul$/home/bao/ECE410-HW4AI/project/m3/synth/v2005/kmeans_dist_core_pipelined.v:65$172_Y (8 bits, unsigned)
  add $auto$wreduce.cc:461:run$2124 [7:0] (8 bits, unsigned)
  add $flatten\u_axil.\u_core.$mul$/home/bao/ECE410-HW4AI/project/m3/synth/v2005/kmeans_dist_core_pipelined.v:65$192_Y (8 bits, unsigned)
  add $flatten\u_axil.\u_core.$mul$/home/bao/ECE410-HW4AI/project/m3/synth/v2005/kmeans_dist_core_pipelined.v:65$187_Y (8 bits, unsigned)
  add $auto$wreduce.cc:461:run$2126 [7:0] (8 bits, unsigned)
  add $flatten\u_axil.\u_core.$mul$/home/bao/ECE410-HW4AI/project/m3/synth/v2005/kmeans_dist_core_pipelined.v:65$207_Y (8 bits, unsigned)
  add $flatten\u_axil.\u_core.$mul$/home/bao/ECE410-HW4AI/project/m3/synth/v2005/kmeans_dist_core_pipelined.v:65$202_Y (8 bits, unsigned)
  add $flatten\u_axil.\u_core.$2\ad_kd[0][7:0] * $flatten\u_axil.\u_core.$2\ad_kd[0][7:0] (8x8 bits, unsigned)
  add $auto$wreduce.cc:461:run$2128 [7:0] (8 bits, unsigned)
  add $flatten\u_axil.\u_core.$mul$/home/bao/ECE410-HW4AI/project/m3/synth/v2005/kmeans_dist_core_pipelined.v:65$222_Y (8 bits, unsigned)
  add $flatten\u_axil.\u_core.$mul$/home/bao/ECE410-HW4AI/project/m3/synth/v2005/kmeans_dist_core_pipelined.v:65$217_Y (8 bits, unsigned)
  add $auto$wreduce.cc:461:run$2130 [7:0] (8 bits, unsigned)
  add $flatten\u_axil.\u_core.$mul$/home/bao/ECE410-HW4AI/project/m3/synth/v2005/kmeans_dist_core_pipelined.v:65$237_Y (8 bits, unsigned)
  add $flatten\u_axil.\u_core.$mul$/home/bao/ECE410-HW4AI/project/m3/synth/v2005/kmeans_dist_core_pipelined.v:65$232_Y (8 bits, unsigned)
  add $auto$wreduce.cc:461:run$2132 [7:0] (8 bits, unsigned)
  add $flatten\u_axil.\u_core.$mul$/home/bao/ECE410-HW4AI/project/m3/synth/v2005/kmeans_dist_core_pipelined.v:65$252_Y (8 bits, unsigned)
  add $flatten\u_axil.\u_core.$mul$/home/bao/ECE410-HW4AI/project/m3/synth/v2005/kmeans_dist_core_pipelined.v:65$247_Y (8 bits, unsigned)
  add \u_axil.u_core.ad_kd[0] * \u_axil.u_core.ad_kd[0] (8x8 bits, unsigned)
Using template $paramod$12350b8c8422a70d10b7db4eaae1202a7148b784\_90_alu for cells of type $alu.
Using template $paramod$484d51534650924b7ed4c69e46eed3a56904771f\_90_alu for cells of type $alu.
Using extmapper simplemap for cells of type $mux.
Using extmapper simplemap for cells of type $adffe.
Using template $paramod$92cf01bf728df7e0842e2c2f058ab4e418831778\_90_pmux for cells of type $pmux.
Using template $paramod$c5c783b17ab1d780abfad8cfe6563a0a7b47a3b0\_90_pmux for cells of type $pmux.
Using extmapper simplemap for cells of type $logic_and.
Using extmapper simplemap for cells of type $logic_or.
Using extmapper simplemap for cells of type $pos.
Using template $paramod\_90_fa\WIDTH=32'00000000000000000000000000001000 for cells of type $fa.
Using extmapper simplemap for cells of type $xor.
Using template $paramod\_90_lcu_brent_kung\WIDTH=32'00000000000000000000000000001000 for cells of type $lcu.
Using template $paramod\_90_lcu_brent_kung\WIDTH=32'00000000000000000000000000010010 for cells of type $lcu.
Using template $paramod\_90_lcu_brent_kung\WIDTH=32'00000000000000000000000000001010 for cells of type $lcu.
No more expansions possible.
<suppressed ~10355 debug messages>

149. Executing OPT_EXPR pass (perform const folding).
Optimizing module top.
<suppressed ~12323 debug messages>

150. Executing OPT_MERGE pass (detect identical cells).
Finding identical cells in module `\top'.
<suppressed ~5133 debug messages>
Removed a total of 1711 cells.

151. Executing OPT_DFF pass (perform DFF optimizations).

152. Executing OPT_CLEAN pass (remove unused cells and wires).
Finding unused cells or wires in module \top..
Removed 2363 unused cells and 9934 unused wires.
<suppressed ~2364 debug messages>

153. Executing OPT_EXPR pass (perform const folding).
Optimizing module top.
<suppressed ~614 debug messages>

154. Executing OPT_MERGE pass (detect identical cells).
Finding identical cells in module `\top'.
Removed a total of 0 cells.

155. Executing OPT_DFF pass (perform DFF optimizations).

156. Executing OPT_CLEAN pass (remove unused cells and wires).
Finding unused cells or wires in module \top..
Removed 31 unused cells and 82 unused wires.
<suppressed ~32 debug messages>

157. Executing ABC pass (technology mapping using ABC).

157.1. Extracting gate netlist of module `\top' to `<abc-temp-dir>/input.blif'..
Extracted 13673 gates and 14409 wires to a netlist network with 734 inputs and 290 outputs.

157.1.1. Executing ABC.
Running ABC command: "/nix/store/6l3aj1gi4lja8z5s4lan2k2cfz9mqkrz-yosys-abc/bin/abc" -s -f <abc-temp-dir>/abc.script 2>&1
ABC: ABC command line: "source <abc-temp-dir>/abc.script".
ABC: 
ABC: + read_blif <abc-temp-dir>/input.blif 
ABC: + read_library <abc-temp-dir>/stdcells.genlib 
ABC: Entered genlib library with 13 gates from file "<abc-temp-dir>/stdcells.genlib".
ABC: + strash 
ABC: + dretime 
ABC: + map 
ABC: + write_blif <abc-temp-dir>/output.blif 

157.1.2. Re-integrating ABC results.
ABC RESULTS:               NOT cells:      322
ABC RESULTS:               MUX cells:      619
ABC RESULTS:               AND cells:      306
ABC RESULTS:              NAND cells:      116
ABC RESULTS:             ORNOT cells:     1168
ABC RESULTS:              XNOR cells:     1067
ABC RESULTS:                OR cells:     1114
ABC RESULTS:               XOR cells:     2692
ABC RESULTS:            ANDNOT cells:     4049
ABC RESULTS:               NOR cells:      770
ABC RESULTS:        internal signals:    13385
ABC RESULTS:           input signals:      734
ABC RESULTS:          output signals:      290
Removing temp directory.

158. Executing OPT pass (performing simple optimizations).

158.1. Executing OPT_EXPR pass (perform const folding).
Optimizing module top.
<suppressed ~4 debug messages>

158.2. Executing OPT_MERGE pass (detect identical cells).
Finding identical cells in module `\top'.
<suppressed ~288 debug messages>
Removed a total of 96 cells.

158.3. Executing OPT_DFF pass (perform DFF optimizations).

158.4. Executing OPT_CLEAN pass (remove unused cells and wires).
Finding unused cells or wires in module \top..
Removed 0 unused cells and 5990 unused wires.
<suppressed ~19 debug messages>

158.5. Finished fast OPT passes.

159. Executing HIERARCHY pass (managing design hierarchy).

159.1. Analyzing design hierarchy..
Top module:  \top

159.2. Analyzing design hierarchy..
Top module:  \top
Removed 0 unused modules.

160. Executing CHECK pass (checking for obvious problems).
Checking module top...
Found and reported 0 problems.

161. Printing statistics.

=== top ===

   Number of wires:              12107
   Number of wire bits:          14956
   Number of public wires:         236
   Number of public wire bits:    3073
   Number of ports:                 19
   Number of port bits:            108
   Number of memories:               0
   Number of memory bits:            0
   Number of processes:              0
   Number of cells:              12822
     $_ANDNOT_                    4049
     $_AND_                        306
     $_DFFE_PN0P_                  459
     $_DFFE_PN1P_                    3
     $_DFF_PN0_                      4
     $_DFF_PN1_                      1
     $_MUX_                        608
     $_NAND_                       115
     $_NOR_                        770
     $_NOT_                        322
     $_ORNOT_                     1168
     $_OR_                        1074
     $_SDFF_PN0_                   225
     $_SDFF_PP0_                     1
     $_XNOR_                      1023
     $_XOR_                       2692
     $scopeinfo                      2

162. Generating Graphviz representation of design.
Writing dot description to `/home/bao/ECE410-HW4AI/project/m3/synth/runs/RUN_2026-05-20_22-07-48/06-yosys-synthesis/primitive_techmap.dot'.
Dumping module top to page 1.

163. Executing OPT pass (performing simple optimizations).

163.1. Executing OPT_EXPR pass (perform const folding).
Optimizing module top.
<suppressed ~36 debug messages>

163.2. Executing OPT_MERGE pass (detect identical cells).
Finding identical cells in module `\top'.
Removed a total of 0 cells.

163.3. Executing OPT_MUXTREE pass (detect dead branches in mux trees).
Running muxtree optimizer on module \top..
  Creating internal representation of mux trees.
  No muxes found in this module.
Removed 0 multiplexer ports.

163.4. Executing OPT_REDUCE pass (consolidate $*mux and $reduce_* inputs).
  Optimizing cells in module \top.
Performed a total of 0 changes.

163.5. Executing OPT_MERGE pass (detect identical cells).
Finding identical cells in module `\top'.
Removed a total of 0 cells.

163.6. Executing OPT_DFF pass (perform DFF optimizations).

163.7. Executing OPT_CLEAN pass (remove unused cells and wires).
Finding unused cells or wires in module \top..
Removed 0 unused cells and 36 unused wires.
<suppressed ~1 debug messages>

163.8. Executing OPT_EXPR pass (perform const folding).
Optimizing module top.

163.9. Rerunning OPT passes. (Maybe there is more to do..)

163.10. Executing OPT_MUXTREE pass (detect dead branches in mux trees).
Running muxtree optimizer on module \top..
  Creating internal representation of mux trees.
  No muxes found in this module.
Removed 0 multiplexer ports.

163.11. Executing OPT_REDUCE pass (consolidate $*mux and $reduce_* inputs).
  Optimizing cells in module \top.
Performed a total of 0 changes.

163.12. Executing OPT_MERGE pass (detect identical cells).
Finding identical cells in module `\top'.
Removed a total of 0 cells.

163.13. Executing OPT_DFF pass (perform DFF optimizations).

163.14. Executing OPT_CLEAN pass (remove unused cells and wires).
Finding unused cells or wires in module \top..

163.15. Executing OPT_EXPR pass (perform const folding).
Optimizing module top.

163.16. Finished OPT passes. (There is nothing left to do.)

164. Executing OPT_CLEAN pass (remove unused cells and wires).
Finding unused cells or wires in module \top..
Removed 2 unused cells and 151 unused wires.
<suppressed ~153 debug messages>
{
   "creator": "Yosys 0.46 (git sha1 e97731b9dda91fa5fa53ed87df7c34163ba59a41, clang++ 17.0.6 -fPIC -O3)",
   "invocation": "stat -json -liberty /home/bao/ECE410-HW4AI/project/m3/synth/runs/RUN_2026-05-20_22-07-48/tmp/0fedaaaf77a8477a9380938750aa2062.lib ",
   "modules": {
      "\\top": {
         "num_wires":         11920,
         "num_wire_bits":     13250,
         "num_pub_wires":     85,
         "num_pub_wire_bits": 1403,
         "num_ports":         19,
         "num_port_bits":     108,
         "num_memories":      0,
         "num_memory_bits":   0,
         "num_processes":     0,
         "num_cells":         12784,
         "num_cells_by_type": {
            "$_ANDNOT_": 4049,
            "$_AND_": 306,
            "$_DFFE_PN0P_": 459,
            "$_DFFE_PN1P_": 3,
            "$_DFF_PN0_": 4,
            "$_DFF_PN1_": 1,
            "$_MUX_": 608,
            "$_NAND_": 115,
            "$_NOR_": 770,
            "$_NOT_": 322,
            "$_ORNOT_": 1168,
            "$_OR_": 1074,
            "$_SDFF_PN0_": 225,
            "$_SDFF_PP0_": 1,
            "$_XNOR_": 987,
            "$_XOR_": 2692
         }
      }
   },
      "design": {
         "num_wires":         11920,
         "num_wire_bits":     13250,
         "num_pub_wires":     85,
         "num_pub_wire_bits": 1403,
         "num_ports":         19,
         "num_port_bits":     108,
         "num_memories":      0,
         "num_memory_bits":   0,
         "num_processes":     0,
         "num_cells":         12784,
         "num_cells_by_type": {
            "$_ANDNOT_": 4049,
            "$_AND_": 306,
            "$_DFFE_PN0P_": 459,
            "$_DFFE_PN1P_": 3,
            "$_DFF_PN0_": 4,
            "$_DFF_PN1_": 1,
            "$_MUX_": 608,
            "$_NAND_": 115,
            "$_NOR_": 770,
            "$_NOT_": 322,
            "$_ORNOT_": 1168,
            "$_OR_": 1074,
            "$_SDFF_PN0_": 225,
            "$_SDFF_PP0_": 1,
            "$_XNOR_": 987,
            "$_XOR_": 2692
         }
      }
}

165. Printing statistics.

=== top ===

   Number of wires:              11920
   Number of wire bits:          13250
   Number of public wires:          85
   Number of public wire bits:    1403
   Number of ports:                 19
   Number of port bits:            108
   Number of memories:               0
   Number of memory bits:            0
   Number of processes:              0
   Number of cells:              12784
     $_ANDNOT_                    4049
     $_AND_                        306
     $_DFFE_PN0P_                  459
     $_DFFE_PN1P_                    3
     $_DFF_PN0_                      4
     $_DFF_PN1_                      1
     $_MUX_                        608
     $_NAND_                       115
     $_NOR_                        770
     $_NOT_                        322
     $_ORNOT_                     1168
     $_OR_                        1074
     $_SDFF_PN0_                   225
     $_SDFF_PP0_                     1
     $_XNOR_                       987
     $_XOR_                       2692

   Area for cell type $_NOT_ is unknown!
   Area for cell type $_AND_ is unknown!
   Area for cell type $_NAND_ is unknown!
   Area for cell type $_OR_ is unknown!
   Area for cell type $_NOR_ is unknown!
   Area for cell type $_XOR_ is unknown!
   Area for cell type $_XNOR_ is unknown!
   Area for cell type $_ANDNOT_ is unknown!
   Area for cell type $_ORNOT_ is unknown!
   Area for cell type $_MUX_ is unknown!
   Area for cell type $_DFF_PN0_ is unknown!
   Area for cell type $_DFF_PN1_ is unknown!
   Area for cell type $_DFFE_PN0P_ is unknown!
   Area for cell type $_DFFE_PN1P_ is unknown!
   Area for cell type $_SDFF_PN0_ is unknown!
   Area for cell type $_SDFF_PP0_ is unknown!

[INFO] Applying tri-state buffer mapping from '/home/bao/.volare/volare/sky130/versions/0fe599b2afb6708d281543108caf8310912f54af/sky130A/libs.tech/openlane/sky130_fd_sc_hd/tribuff_map.v'…

166. Executing TECHMAP pass (map to technology primitives).

166.1. Executing Verilog-2005 frontend: /home/bao/.volare/volare/sky130/versions/0fe599b2afb6708d281543108caf8310912f54af/sky130A/libs.tech/openlane/sky130_fd_sc_hd/tribuff_map.v
Parsing Verilog input from `/home/bao/.volare/volare/sky130/versions/0fe599b2afb6708d281543108caf8310912f54af/sky130A/libs.tech/openlane/sky130_fd_sc_hd/tribuff_map.v' to AST representation.
Generating RTLIL representation for module `\$_TBUF_'.
Successfully finished Verilog frontend.

166.2. Continuing TECHMAP pass.
No more expansions possible.
<suppressed ~3 debug messages>

167. Executing SIMPLEMAP pass (map simple cells to gate primitives).
[INFO] Applying latch mapping from '/home/bao/.volare/volare/sky130/versions/0fe599b2afb6708d281543108caf8310912f54af/sky130A/libs.tech/openlane/sky130_fd_sc_hd/latch_map.v'…

168. Executing TECHMAP pass (map to technology primitives).

168.1. Executing Verilog-2005 frontend: /home/bao/.volare/volare/sky130/versions/0fe599b2afb6708d281543108caf8310912f54af/sky130A/libs.tech/openlane/sky130_fd_sc_hd/latch_map.v
Parsing Verilog input from `/home/bao/.volare/volare/sky130/versions/0fe599b2afb6708d281543108caf8310912f54af/sky130A/libs.tech/openlane/sky130_fd_sc_hd/latch_map.v' to AST representation.
Generating RTLIL representation for module `\$_DLATCH_P_'.
Generating RTLIL representation for module `\$_DLATCH_N_'.
Successfully finished Verilog frontend.

168.2. Continuing TECHMAP pass.
No more expansions possible.
<suppressed ~4 debug messages>

169. Executing SIMPLEMAP pass (map simple cells to gate primitives).

170. Executing DFFLIBMAP pass (mapping DFF cells to sequential cells from liberty file).
  cell sky130_fd_sc_hd__dfxtp_2 (noninv, pins=3, area=21.27) is a direct match for cell type $_DFF_P_.
  cell sky130_fd_sc_hd__dfrtp_2 (noninv, pins=4, area=26.28) is a direct match for cell type $_DFF_PN0_.
  cell sky130_fd_sc_hd__dfstp_2 (noninv, pins=4, area=26.28) is a direct match for cell type $_DFF_PN1_.
  cell sky130_fd_sc_hd__dfbbn_2 (noninv, pins=6, area=35.03) is a direct match for cell type $_DFFSR_NNN_.
  final dff cell mappings:
    unmapped dff cell: $_DFF_N_
    \sky130_fd_sc_hd__dfxtp_2 _DFF_P_ (.CLK( C), .D( D), .Q( Q));
    unmapped dff cell: $_DFF_NN0_
    unmapped dff cell: $_DFF_NN1_
    unmapped dff cell: $_DFF_NP0_
    unmapped dff cell: $_DFF_NP1_
    \sky130_fd_sc_hd__dfrtp_2 _DFF_PN0_ (.CLK( C), .D( D), .Q( Q), .RESET_B( R));
    \sky130_fd_sc_hd__dfstp_2 _DFF_PN1_ (.CLK( C), .D( D), .Q( Q), .SET_B( R));
    unmapped dff cell: $_DFF_PP0_
    unmapped dff cell: $_DFF_PP1_
    \sky130_fd_sc_hd__dfbbn_2 _DFFSR_NNN_ (.CLK_N( C), .D( D), .Q( Q), .Q_N(~Q), .RESET_B( R), .SET_B( S));
    unmapped dff cell: $_DFFSR_NNP_
    unmapped dff cell: $_DFFSR_NPN_
    unmapped dff cell: $_DFFSR_NPP_
    unmapped dff cell: $_DFFSR_PNN_
    unmapped dff cell: $_DFFSR_PNP_
    unmapped dff cell: $_DFFSR_PPN_
    unmapped dff cell: $_DFFSR_PPP_

170.1. Executing DFFLEGALIZE pass (convert FFs to types supported by the target).
Mapping DFF cells in module `\top':
  mapped 463 $_DFF_PN0_ cells to \sky130_fd_sc_hd__dfrtp_2 cells.
  mapped 4 $_DFF_PN1_ cells to \sky130_fd_sc_hd__dfstp_2 cells.
  mapped 226 $_DFF_P_ cells to \sky130_fd_sc_hd__dfxtp_2 cells.
{
   "creator": "Yosys 0.46 (git sha1 e97731b9dda91fa5fa53ed87df7c34163ba59a41, clang++ 17.0.6 -fPIC -O3)",
   "invocation": "stat -json -liberty /home/bao/ECE410-HW4AI/project/m3/synth/runs/RUN_2026-05-20_22-07-48/tmp/0fedaaaf77a8477a9380938750aa2062.lib ",
   "modules": {
      "\\top": {
         "num_wires":         12608,
         "num_wire_bits":     13938,
         "num_pub_wires":     85,
         "num_pub_wire_bits": 1403,
         "num_ports":         19,
         "num_port_bits":     108,
         "num_memories":      0,
         "num_memory_bits":   0,
         "num_processes":     0,
         "num_cells":         13472,
         "area":              17077.628800,
         "num_cells_by_type": {
            "$_ANDNOT_": 4049,
            "$_AND_": 306,
            "$_MUX_": 1296,
            "$_NAND_": 115,
            "$_NOR_": 770,
            "$_NOT_": 322,
            "$_ORNOT_": 1168,
            "$_OR_": 1074,
            "$_XNOR_": 987,
            "$_XOR_": 2692,
            "sky130_fd_sc_hd__dfrtp_2": 463,
            "sky130_fd_sc_hd__dfstp_2": 4,
            "sky130_fd_sc_hd__dfxtp_2": 226
         }
      }
   },
      "design": {
         "num_wires":         12608,
         "num_wire_bits":     13938,
         "num_pub_wires":     85,
         "num_pub_wire_bits": 1403,
         "num_ports":         19,
         "num_port_bits":     108,
         "num_memories":      0,
         "num_memory_bits":   0,
         "num_processes":     0,
         "num_cells":         13472,
         "area":              17077.628800,
         "num_cells_by_type": {
            "$_ANDNOT_": 4049,
            "$_AND_": 306,
            "$_MUX_": 1296,
            "$_NAND_": 115,
            "$_NOR_": 770,
            "$_NOT_": 322,
            "$_ORNOT_": 1168,
            "$_OR_": 1074,
            "$_XNOR_": 987,
            "$_XOR_": 2692,
            "sky130_fd_sc_hd__dfrtp_2": 463,
            "sky130_fd_sc_hd__dfstp_2": 4,
            "sky130_fd_sc_hd__dfxtp_2": 226
         }
      }
}

171. Printing statistics.

=== top ===

   Number of wires:              12608
   Number of wire bits:          13938
   Number of public wires:          85
   Number of public wire bits:    1403
   Number of ports:                 19
   Number of port bits:            108
   Number of memories:               0
   Number of memory bits:            0
   Number of processes:              0
   Number of cells:              13472
     $_ANDNOT_                    4049
     $_AND_                        306
     $_MUX_                       1296
     $_NAND_                       115
     $_NOR_                        770
     $_NOT_                        322
     $_ORNOT_                     1168
     $_OR_                        1074
     $_XNOR_                       987
     $_XOR_                       2692
     sky130_fd_sc_hd__dfrtp_2      463
     sky130_fd_sc_hd__dfstp_2        4
     sky130_fd_sc_hd__dfxtp_2      226

   Area for cell type $_NOT_ is unknown!
   Area for cell type $_AND_ is unknown!
   Area for cell type $_NAND_ is unknown!
   Area for cell type $_OR_ is unknown!
   Area for cell type $_NOR_ is unknown!
   Area for cell type $_XOR_ is unknown!
   Area for cell type $_XNOR_ is unknown!
   Area for cell type $_ANDNOT_ is unknown!
   Area for cell type $_ORNOT_ is unknown!
   Area for cell type $_MUX_ is unknown!

   Chip area for module '\top': 17077.628800
     of which used for sequential elements: 17077.628800 (100.00%)

[INFO] Using generated ABC script '/home/bao/ECE410-HW4AI/project/m3/synth/runs/RUN_2026-05-20_22-07-48/06-yosys-synthesis/AREA_0.abc'…

172. Executing ABC pass (technology mapping using ABC).

172.1. Extracting gate netlist of module `\top' to `/tmp/yosys-abc-dQ73fG/input.blif'..
Extracted 12779 gates and 13528 wires to a netlist network with 747 inputs and 693 outputs.

172.1.1. Executing ABC.
Running ABC command: "/nix/store/6l3aj1gi4lja8z5s4lan2k2cfz9mqkrz-yosys-abc/bin/abc" -s -f /tmp/yosys-abc-dQ73fG/abc.script 2>&1
ABC: ABC command line: "source /tmp/yosys-abc-dQ73fG/abc.script".
ABC: 
ABC: + read_blif /tmp/yosys-abc-dQ73fG/input.blif 
ABC: + read_lib -w /home/bao/ECE410-HW4AI/project/m3/synth/runs/RUN_2026-05-20_22-07-48/tmp/0fedaaaf77a8477a9380938750aa2062.lib 
ABC: Parsing finished successfully.  Parsing time =     0.03 sec
ABC: Scl_LibertyReadGenlib() skipped sequential cell "sky130_fd_sc_hd__dfbbn_2".
ABC: Scl_LibertyReadGenlib() skipped sequential cell "sky130_fd_sc_hd__dfrbp_2".
ABC: Scl_LibertyReadGenlib() skipped sequential cell "sky130_fd_sc_hd__dfrtp_2".
ABC: Scl_LibertyReadGenlib() skipped sequential cell "sky130_fd_sc_hd__dfrtp_4".
ABC: Scl_LibertyReadGenlib() skipped sequential cell "sky130_fd_sc_hd__dfsbp_2".
ABC: Scl_LibertyReadGenlib() skipped sequential cell "sky130_fd_sc_hd__dfstp_2".
ABC: Scl_LibertyReadGenlib() skipped sequential cell "sky130_fd_sc_hd__dfstp_4".
ABC: Scl_LibertyReadGenlib() skipped sequential cell "sky130_fd_sc_hd__dfxbp_2".
ABC: Scl_LibertyReadGenlib() skipped sequential cell "sky130_fd_sc_hd__dfxtp_2".
ABC: Scl_LibertyReadGenlib() skipped sequential cell "sky130_fd_sc_hd__dfxtp_4".
ABC: Scl_LibertyReadGenlib() skipped sequential cell "sky130_fd_sc_hd__dlxtn_1".
ABC: Scl_LibertyReadGenlib() skipped sequential cell "sky130_fd_sc_hd__dlxtn_2".
ABC: Scl_LibertyReadGenlib() skipped sequential cell "sky130_fd_sc_hd__dlxtn_4".
ABC: Scl_LibertyReadGenlib() skipped sequential cell "sky130_fd_sc_hd__dlxtp_1".
ABC: Scl_LibertyReadGenlib() skipped three-state cell "sky130_fd_sc_hd__ebufn_2".
ABC: Scl_LibertyReadGenlib() skipped three-state cell "sky130_fd_sc_hd__ebufn_4".
ABC: Scl_LibertyReadGenlib() skipped three-state cell "sky130_fd_sc_hd__ebufn_8".
ABC: Library "sky130_fd_sc_hd__tt_025C_1v80" from "/home/bao/ECE410-HW4AI/project/m3/synth/runs/RUN_2026-05-20_22-07-48/tmp/0fedaaaf77a8477a9380938750aa2062.lib" has 175 cells (17 skipped: 14 seq; 3 tri-state; 0 no func; 0 dont_use).  Time =     0.04 sec
ABC: Memory =    9.54 MB. Time =     0.04 sec
ABC: Warning: Detected 2 multi-output gates (for example, "sky130_fd_sc_hd__fa_1").
ABC: + read_constr -v /home/bao/ECE410-HW4AI/project/m3/synth/runs/RUN_2026-05-20_22-07-48/06-yosys-synthesis/synthesis.abc.sdc 
ABC: Setting driving cell to be "sky130_fd_sc_hd__inv_2/Y".
ABC: Setting output load to be 33.442001.
ABC: + source /home/bao/ECE410-HW4AI/project/m3/synth/runs/RUN_2026-05-20_22-07-48/06-yosys-synthesis/AREA_0.abc 
ABC: Error: The network is combinational.
ABC: Cannot find the default PI driving cell (sky130_fd_sc_hd__inv_2/Y) in the library.
ABC: WireLoad = "none"  Gates =   6953 (  4.9 %)   Cap = 11.4 ff (  5.1 %)   Area =    67657.39 ( 81.5 %)   Delay =  6654.50 ps  (  1.0 %)               
ABC: Path  0 --     367 : 0    8 pi                       A =   0.00  Df =   0.0   -0.0 ps  S =   0.0 ps  Cin =  0.0 ff  Cout =  49.0 ff  Cmax =   0.0 ff  G =    0  
ABC: Path  1 --    1577 : 1   34 sky130_fd_sc_hd__inv_2   A =   3.75  Df = 324.6 -166.6 ps  S = 458.9 ps  Cin =  4.5 ff  Cout = 100.5 ff  Cmax = 331.4 ff  G = 2168  
ABC: Path  2 --    5809 : 5    3 sky130_fd_sc_hd__a221o_2 A =  11.26  Df = 788.2 -103.0 ps  S = 112.6 ps  Cin =  2.3 ff  Cout =  18.3 ff  Cmax = 299.4 ff  G =  754  
ABC: Path  3 --    5814 : 3    2 sky130_fd_sc_hd__a21oi_2 A =   8.76  Df = 930.6 -179.3 ps  S = 103.9 ps  Cin =  4.6 ff  Cout =   5.0 ff  Cmax = 128.2 ff  G =  103  
ABC: Path  4 --    5821 : 5    6 sky130_fd_sc_hd__o311a_2 A =  11.26  Df =1195.8   -8.2 ps  S = 127.3 ps  Cin =  2.4 ff  Cout =  20.8 ff  Cmax = 293.9 ff  G =  844  
ABC: Path  5 --    5829 : 4    2 sky130_fd_sc_hd__o211a_2 A =  10.01  Df =1512.0  -74.8 ps  S = 117.1 ps  Cin =  2.4 ff  Cout =  16.9 ff  Cmax = 268.3 ff  G =  695  
ABC: Path  6 --    5830 : 2    8 sky130_fd_sc_hd__xor2_2  A =  16.27  Df =1766.3  -55.3 ps  S = 356.5 ps  Cin =  8.6 ff  Cout =  26.8 ff  Cmax = 130.0 ff  G =  297  
ABC: Path  7 --    5926 : 4    2 sky130_fd_sc_hd__or4_2   A =   8.76  Df =2369.2 -408.7 ps  S = 101.0 ps  Cin =  1.5 ff  Cout =   3.3 ff  Cmax = 310.4 ff  G =  215  
ABC: Path  8 --    5928 : 4    4 sky130_fd_sc_hd__and4b_2 A =  11.26  Df =2625.3 -206.2 ps  S = 102.0 ps  Cin =  1.6 ff  Cout =  12.9 ff  Cmax = 297.6 ff  G =  783  
ABC: Path  9 --    5931 : 3    3 sky130_fd_sc_hd__or3_2   A =   7.51  Df =3122.8 -351.3 ps  S =  93.1 ps  Cin =  1.5 ff  Cout =   7.5 ff  Cmax = 310.4 ff  G =  479  
ABC: Path 10 --    5933 : 3    2 sky130_fd_sc_hd__and3_2  A =   7.51  Df =3344.9 -333.2 ps  S =  62.2 ps  Cin =  1.5 ff  Cout =   6.8 ff  Cmax = 309.5 ff  G =  434  
ABC: Path 11 --    5935 : 3    3 sky130_fd_sc_hd__or3_2   A =   7.51  Df =3817.0 -395.7 ps  S =  96.1 ps  Cin =  1.5 ff  Cout =   8.4 ff  Cmax = 310.4 ff  G =  537  
ABC: Path 12 --    5938 : 3    2 sky130_fd_sc_hd__a21o_2  A =   8.76  Df =4032.0 -355.2 ps  S =  50.3 ps  Cin =  2.4 ff  Cout =   7.0 ff  Cmax = 309.5 ff  G =  288  
ABC: Path 13 --    5941 : 3    3 sky130_fd_sc_hd__a21o_2  A =   8.76  Df =4263.6 -198.4 ps  S =  73.2 ps  Cin =  2.4 ff  Cout =  12.2 ff  Cmax = 309.5 ff  G =  493  
ABC: Path 14 --    5943 : 3    2 sky130_fd_sc_hd__a21o_2  A =   8.76  Df =4483.2 -238.4 ps  S =  48.2 ps  Cin =  2.4 ff  Cout =   6.6 ff  Cmax = 309.5 ff  G =  270  
ABC: Path 15 --    5944 : 3    4 sky130_fd_sc_hd__and3_2  A =   7.51  Df =4726.9 -154.2 ps  S = 110.8 ps  Cin =  1.5 ff  Cout =  17.6 ff  Cmax = 309.5 ff  G = 1136  
ABC: Path 16 --    5946 : 3    3 sky130_fd_sc_hd__or3b_2  A =   8.76  Df =5205.8 -436.8 ps  S =  85.9 ps  Cin =  1.5 ff  Cout =   5.3 ff  Cmax = 269.2 ff  G =  339  
ABC: Path 17 --    5950 : 3    2 sky130_fd_sc_hd__a21o_2  A =   8.76  Df =5403.6 -408.3 ps  S =  34.9 ps  Cin =  2.4 ff  Cout =   3.2 ff  Cmax = 309.5 ff  G =  132  
ABC: Path 18 --    5954 : 3    3 sky130_fd_sc_hd__and3b_2 A =  10.01  Df =5659.0  -56.1 ps  S =  67.3 ps  Cin =  1.5 ff  Cout =   7.9 ff  Cmax = 309.5 ff  G =  505  
ABC: Path 19 --    6017 : 3    3 sky130_fd_sc_hd__o21ai_2 A =   8.76  Df =5751.4  -26.7 ps  S = 149.4 ps  Cin =  4.5 ff  Cout =   9.1 ff  Cmax = 139.2 ff  G =  191  
ABC: Path 20 --    6066 : 3    3 sky130_fd_sc_hd__a21oi_2 A =   8.76  Df =5913.5  -69.5 ps  S = 163.2 ps  Cin =  4.6 ff  Cout =  10.6 ff  Cmax = 128.2 ff  G =  220  
ABC: Path 21 --    6069 : 4    1 sky130_fd_sc_hd__or4_2   A =   8.76  Df =6364.5 -317.5 ps  S =  91.3 ps  Cin =  1.5 ff  Cout =   1.5 ff  Cmax = 310.4 ff  G =  100  
ABC: Path 22 --    6071 : 3    1 sky130_fd_sc_hd__and3_2  A =   7.51  Df =6654.5 -331.3 ps  S = 182.1 ps  Cin =  1.5 ff  Cout =  33.4 ff  Cmax = 309.5 ff  G = 2252  
ABC: Start-point = pi366 (\u_axil.pixel_flat [3]).  End-point = po189 ($auto$rtlil.cc:2739:MuxGate$50111).
ABC: netlist                       : i/o =  747/  693  lat =    0  nd =  6953  edge =  17290  area =67671.61  delay =23.00  lev = 23
ABC: + write_blif /tmp/yosys-abc-dQ73fG/output.blif 

172.1.2. Re-integrating ABC results.
ABC RESULTS:   sky130_fd_sc_hd__o41a_2 cells:        2
ABC RESULTS:   sky130_fd_sc_hd__nand4_2 cells:        2
ABC RESULTS:   sky130_fd_sc_hd__and4bb_2 cells:        1
ABC RESULTS:   sky130_fd_sc_hd__a32oi_2 cells:        2
ABC RESULTS:   sky130_fd_sc_hd__nand3b_2 cells:        1
ABC RESULTS:   sky130_fd_sc_hd__a2bb2oi_2 cells:        4
ABC RESULTS:   sky130_fd_sc_hd__o2111a_2 cells:        4
ABC RESULTS:   sky130_fd_sc_hd__and4b_2 cells:        5
ABC RESULTS:   sky130_fd_sc_hd__o2bb2ai_2 cells:        4
ABC RESULTS:   sky130_fd_sc_hd__a41o_2 cells:        6
ABC RESULTS:   sky130_fd_sc_hd__and4_2 cells:        9
ABC RESULTS:   sky130_fd_sc_hd__a311oi_2 cells:       16
ABC RESULTS:   sky130_fd_sc_hd__nor3_2 cells:       18
ABC RESULTS:   sky130_fd_sc_hd__o21bai_2 cells:       20
ABC RESULTS:   sky130_fd_sc_hd__nand4b_2 cells:        1
ABC RESULTS:   sky130_fd_sc_hd__a22oi_2 cells:        4
ABC RESULTS:   sky130_fd_sc_hd__a211oi_2 cells:       19
ABC RESULTS:   sky130_fd_sc_hd__a32o_2 cells:        8
ABC RESULTS:   sky130_fd_sc_hd__o311a_2 cells:       29
ABC RESULTS:   sky130_fd_sc_hd__o2bb2a_2 cells:       38
ABC RESULTS:   sky130_fd_sc_hd__a21boi_2 cells:       30
ABC RESULTS:   sky130_fd_sc_hd__a311o_2 cells:       11
ABC RESULTS:   sky130_fd_sc_hd__o22a_2 cells:       52
ABC RESULTS:   sky130_fd_sc_hd__o221a_2 cells:       47
ABC RESULTS:   sky130_fd_sc_hd__and3b_2 cells:       41
ABC RESULTS:   sky130_fd_sc_hd__o21ba_2 cells:       27
ABC RESULTS:   sky130_fd_sc_hd__or3_2 cells:       59
ABC RESULTS:   sky130_fd_sc_hd__xor2_2 cells:      353
ABC RESULTS:   sky130_fd_sc_hd__o211ai_2 cells:       27
ABC RESULTS:   sky130_fd_sc_hd__nand3_2 cells:       40
ABC RESULTS:   sky130_fd_sc_hd__a31oi_2 cells:       17
ABC RESULTS:   sky130_fd_sc_hd__o31ai_2 cells:        4
ABC RESULTS:   sky130_fd_sc_hd__o32a_2 cells:       10
ABC RESULTS:   sky130_fd_sc_hd__a21bo_2 cells:       44
ABC RESULTS:   sky130_fd_sc_hd__a211o_2 cells:       68
ABC RESULTS:   sky130_fd_sc_hd__o211a_2 cells:       84
ABC RESULTS:   sky130_fd_sc_hd__o21a_2 cells:      101
ABC RESULTS:   sky130_fd_sc_hd__xnor2_2 cells:      945
ABC RESULTS:   sky130_fd_sc_hd__a21oi_2 cells:      264
ABC RESULTS:   sky130_fd_sc_hd__a31o_2 cells:      103
ABC RESULTS:   sky130_fd_sc_hd__or4_2 cells:       33
ABC RESULTS:   sky130_fd_sc_hd__o22ai_2 cells:       40
ABC RESULTS:   sky130_fd_sc_hd__inv_2 cells:      341
ABC RESULTS:   sky130_fd_sc_hd__and2b_2 cells:      356
ABC RESULTS:   sky130_fd_sc_hd__nand2b_2 cells:      298
ABC RESULTS:   sky130_fd_sc_hd__a22o_2 cells:       69
ABC RESULTS:   sky130_fd_sc_hd__or4bb_2 cells:        3
ABC RESULTS:   sky130_fd_sc_hd__a221o_2 cells:       62
ABC RESULTS:   sky130_fd_sc_hd__and3_2 cells:      145
ABC RESULTS:   sky130_fd_sc_hd__or4b_2 cells:        4
ABC RESULTS:   sky130_fd_sc_hd__or2_2 cells:      383
ABC RESULTS:   sky130_fd_sc_hd__nor4_2 cells:        3
ABC RESULTS:   sky130_fd_sc_hd__o31a_2 cells:       40
ABC RESULTS:   sky130_fd_sc_hd__or3b_2 cells:       17
ABC RESULTS:   sky130_fd_sc_hd__a2111o_2 cells:        3
ABC RESULTS:   sky130_fd_sc_hd__nand2_2 cells:      686
ABC RESULTS:   sky130_fd_sc_hd__a21o_2 cells:      203
ABC RESULTS:   sky130_fd_sc_hd__a2bb2o_2 cells:       41
ABC RESULTS:   sky130_fd_sc_hd__o21ai_2 cells:      119
ABC RESULTS:   sky130_fd_sc_hd__mux2_1 cells:      647
ABC RESULTS:   sky130_fd_sc_hd__nor2_2 cells:      666
ABC RESULTS:   sky130_fd_sc_hd__and2_2 cells:      273
ABC RESULTS:   sky130_fd_sc_hd__buf_1 cells:        1
ABC RESULTS:        internal signals:    12088
ABC RESULTS:           input signals:      747
ABC RESULTS:          output signals:      693
Removing temp directory.

173. Executing SETUNDEF pass (replace undef values with defined constants).

174. Executing HILOMAP pass (mapping to constant drivers).

175. Executing SPLITNETS pass (splitting up multi-bit signals).

176. Executing OPT_CLEAN pass (remove unused cells and wires).
Finding unused cells or wires in module \top..
Removed 364 unused cells and 14274 unused wires.
<suppressed ~983 debug messages>

177. Executing INSBUF pass (insert buffer cells for connected wires).
Add top/$auto$insbuf.cc:97:execute$58820: \rdata [31] -> \rdata [10]
Add top/$auto$insbuf.cc:97:execute$58821: \rdata [31] -> \rdata [11]
Add top/$auto$insbuf.cc:97:execute$58822: \rdata [31] -> \rdata [12]
Add top/$auto$insbuf.cc:97:execute$58823: \rdata [31] -> \rdata [13]
Add top/$auto$insbuf.cc:97:execute$58824: \rdata [31] -> \rdata [15]
Add top/$auto$insbuf.cc:97:execute$58825: \rdata [31] -> \rdata [16]
Add top/$auto$insbuf.cc:97:execute$58826: \rdata [31] -> \rdata [18]
Add top/$auto$insbuf.cc:97:execute$58827: \rdata [31] -> \rdata [19]
Add top/$auto$insbuf.cc:97:execute$58828: \rdata [31] -> \rdata [21]
Add top/$auto$insbuf.cc:97:execute$58829: \rdata [31] -> \rdata [23]
Add top/$auto$insbuf.cc:97:execute$58830: \rdata [31] -> \rdata [25]
Add top/$auto$insbuf.cc:97:execute$58831: \rdata [31] -> \rdata [26]
Add top/$auto$insbuf.cc:97:execute$58832: \rdata [31] -> \rdata [27]
Add top/$auto$insbuf.cc:97:execute$58833: \rdata [31] -> \rdata [28]
Add top/$auto$insbuf.cc:97:execute$58834: \rdata [31] -> \rdata [30]

178. Executing CHECK pass (checking for obvious problems).
Checking module top...
Found and reported 0 problems.
{
   "creator": "Yosys 0.46 (git sha1 e97731b9dda91fa5fa53ed87df7c34163ba59a41, clang++ 17.0.6 -fPIC -O3)",
   "invocation": "stat -json -liberty /home/bao/ECE410-HW4AI/project/m3/synth/runs/RUN_2026-05-20_22-07-48/tmp/0fedaaaf77a8477a9380938750aa2062.lib ",
   "modules": {
      "\\top": {
         "num_wires":         7649,
         "num_wire_bits":     7738,
         "num_pub_wires":     696,
         "num_pub_wire_bits": 785,
         "num_ports":         19,
         "num_port_bits":     108,
         "num_memories":      0,
         "num_memory_bits":   0,
         "num_processes":     0,
         "num_cells":         7671,
         "area":              84847.625600,
         "num_cells_by_type": {
            "sky130_fd_sc_hd__a2111o_2": 3,
            "sky130_fd_sc_hd__a211o_2": 68,
            "sky130_fd_sc_hd__a211oi_2": 19,
            "sky130_fd_sc_hd__a21bo_2": 44,
            "sky130_fd_sc_hd__a21boi_2": 30,
            "sky130_fd_sc_hd__a21o_2": 203,
            "sky130_fd_sc_hd__a21oi_2": 264,
            "sky130_fd_sc_hd__a221o_2": 62,
            "sky130_fd_sc_hd__a22o_2": 69,
            "sky130_fd_sc_hd__a22oi_2": 4,
            "sky130_fd_sc_hd__a2bb2o_2": 41,
            "sky130_fd_sc_hd__a2bb2oi_2": 4,
            "sky130_fd_sc_hd__a311o_2": 11,
            "sky130_fd_sc_hd__a311oi_2": 16,
            "sky130_fd_sc_hd__a31o_2": 103,
            "sky130_fd_sc_hd__a31oi_2": 17,
            "sky130_fd_sc_hd__a32o_2": 8,
            "sky130_fd_sc_hd__a32oi_2": 2,
            "sky130_fd_sc_hd__a41o_2": 6,
            "sky130_fd_sc_hd__and2_2": 273,
            "sky130_fd_sc_hd__and2b_2": 356,
            "sky130_fd_sc_hd__and3_2": 145,
            "sky130_fd_sc_hd__and3b_2": 41,
            "sky130_fd_sc_hd__and4_2": 9,
            "sky130_fd_sc_hd__and4b_2": 5,
            "sky130_fd_sc_hd__and4bb_2": 1,
            "sky130_fd_sc_hd__buf_1": 1,
            "sky130_fd_sc_hd__buf_2": 15,
            "sky130_fd_sc_hd__conb_1": 10,
            "sky130_fd_sc_hd__dfrtp_2": 463,
            "sky130_fd_sc_hd__dfstp_2": 4,
            "sky130_fd_sc_hd__dfxtp_2": 226,
            "sky130_fd_sc_hd__inv_2": 341,
            "sky130_fd_sc_hd__mux2_1": 647,
            "sky130_fd_sc_hd__nand2_2": 686,
            "sky130_fd_sc_hd__nand2b_2": 298,
            "sky130_fd_sc_hd__nand3_2": 40,
            "sky130_fd_sc_hd__nand3b_2": 1,
            "sky130_fd_sc_hd__nand4_2": 2,
            "sky130_fd_sc_hd__nand4b_2": 1,
            "sky130_fd_sc_hd__nor2_2": 666,
            "sky130_fd_sc_hd__nor3_2": 18,
            "sky130_fd_sc_hd__nor4_2": 3,
            "sky130_fd_sc_hd__o2111a_2": 4,
            "sky130_fd_sc_hd__o211a_2": 84,
            "sky130_fd_sc_hd__o211ai_2": 27,
            "sky130_fd_sc_hd__o21a_2": 101,
            "sky130_fd_sc_hd__o21ai_2": 119,
            "sky130_fd_sc_hd__o21ba_2": 27,
            "sky130_fd_sc_hd__o21bai_2": 20,
            "sky130_fd_sc_hd__o221a_2": 47,
            "sky130_fd_sc_hd__o22a_2": 52,
            "sky130_fd_sc_hd__o22ai_2": 40,
            "sky130_fd_sc_hd__o2bb2a_2": 38,
            "sky130_fd_sc_hd__o2bb2ai_2": 4,
            "sky130_fd_sc_hd__o311a_2": 29,
            "sky130_fd_sc_hd__o31a_2": 40,
            "sky130_fd_sc_hd__o31ai_2": 4,
            "sky130_fd_sc_hd__o32a_2": 10,
            "sky130_fd_sc_hd__o41a_2": 2,
            "sky130_fd_sc_hd__or2_2": 383,
            "sky130_fd_sc_hd__or3_2": 59,
            "sky130_fd_sc_hd__or3b_2": 17,
            "sky130_fd_sc_hd__or4_2": 33,
            "sky130_fd_sc_hd__or4b_2": 4,
            "sky130_fd_sc_hd__or4bb_2": 3,
            "sky130_fd_sc_hd__xnor2_2": 945,
            "sky130_fd_sc_hd__xor2_2": 353
         }
      }
   },
      "design": {
         "num_wires":         7649,
         "num_wire_bits":     7738,
         "num_pub_wires":     696,
         "num_pub_wire_bits": 785,
         "num_ports":         19,
         "num_port_bits":     108,
         "num_memories":      0,
         "num_memory_bits":   0,
         "num_processes":     0,
         "num_cells":         7671,
         "area":              84847.625600,
         "num_cells_by_type": {
            "sky130_fd_sc_hd__a2111o_2": 3,
            "sky130_fd_sc_hd__a211o_2": 68,
            "sky130_fd_sc_hd__a211oi_2": 19,
            "sky130_fd_sc_hd__a21bo_2": 44,
            "sky130_fd_sc_hd__a21boi_2": 30,
            "sky130_fd_sc_hd__a21o_2": 203,
            "sky130_fd_sc_hd__a21oi_2": 264,
            "sky130_fd_sc_hd__a221o_2": 62,
            "sky130_fd_sc_hd__a22o_2": 69,
            "sky130_fd_sc_hd__a22oi_2": 4,
            "sky130_fd_sc_hd__a2bb2o_2": 41,
            "sky130_fd_sc_hd__a2bb2oi_2": 4,
            "sky130_fd_sc_hd__a311o_2": 11,
            "sky130_fd_sc_hd__a311oi_2": 16,
            "sky130_fd_sc_hd__a31o_2": 103,
            "sky130_fd_sc_hd__a31oi_2": 17,
            "sky130_fd_sc_hd__a32o_2": 8,
            "sky130_fd_sc_hd__a32oi_2": 2,
            "sky130_fd_sc_hd__a41o_2": 6,
            "sky130_fd_sc_hd__and2_2": 273,
            "sky130_fd_sc_hd__and2b_2": 356,
            "sky130_fd_sc_hd__and3_2": 145,
            "sky130_fd_sc_hd__and3b_2": 41,
            "sky130_fd_sc_hd__and4_2": 9,
            "sky130_fd_sc_hd__and4b_2": 5,
            "sky130_fd_sc_hd__and4bb_2": 1,
            "sky130_fd_sc_hd__buf_1": 1,
            "sky130_fd_sc_hd__buf_2": 15,
            "sky130_fd_sc_hd__conb_1": 10,
            "sky130_fd_sc_hd__dfrtp_2": 463,
            "sky130_fd_sc_hd__dfstp_2": 4,
            "sky130_fd_sc_hd__dfxtp_2": 226,
            "sky130_fd_sc_hd__inv_2": 341,
            "sky130_fd_sc_hd__mux2_1": 647,
            "sky130_fd_sc_hd__nand2_2": 686,
            "sky130_fd_sc_hd__nand2b_2": 298,
            "sky130_fd_sc_hd__nand3_2": 40,
            "sky130_fd_sc_hd__nand3b_2": 1,
            "sky130_fd_sc_hd__nand4_2": 2,
            "sky130_fd_sc_hd__nand4b_2": 1,
            "sky130_fd_sc_hd__nor2_2": 666,
            "sky130_fd_sc_hd__nor3_2": 18,
            "sky130_fd_sc_hd__nor4_2": 3,
            "sky130_fd_sc_hd__o2111a_2": 4,
            "sky130_fd_sc_hd__o211a_2": 84,
            "sky130_fd_sc_hd__o211ai_2": 27,
            "sky130_fd_sc_hd__o21a_2": 101,
            "sky130_fd_sc_hd__o21ai_2": 119,
            "sky130_fd_sc_hd__o21ba_2": 27,
            "sky130_fd_sc_hd__o21bai_2": 20,
            "sky130_fd_sc_hd__o221a_2": 47,
            "sky130_fd_sc_hd__o22a_2": 52,
            "sky130_fd_sc_hd__o22ai_2": 40,
            "sky130_fd_sc_hd__o2bb2a_2": 38,
            "sky130_fd_sc_hd__o2bb2ai_2": 4,
            "sky130_fd_sc_hd__o311a_2": 29,
            "sky130_fd_sc_hd__o31a_2": 40,
            "sky130_fd_sc_hd__o31ai_2": 4,
            "sky130_fd_sc_hd__o32a_2": 10,
            "sky130_fd_sc_hd__o41a_2": 2,
            "sky130_fd_sc_hd__or2_2": 383,
            "sky130_fd_sc_hd__or3_2": 59,
            "sky130_fd_sc_hd__or3b_2": 17,
            "sky130_fd_sc_hd__or4_2": 33,
            "sky130_fd_sc_hd__or4b_2": 4,
            "sky130_fd_sc_hd__or4bb_2": 3,
            "sky130_fd_sc_hd__xnor2_2": 945,
            "sky130_fd_sc_hd__xor2_2": 353
         }
      }
}

179. Printing statistics.

=== top ===

   Number of wires:               7649
   Number of wire bits:           7738
   Number of public wires:         696
   Number of public wire bits:     785
   Number of ports:                 19
   Number of port bits:            108
   Number of memories:               0
   Number of memory bits:            0
   Number of processes:              0
   Number of cells:               7671
     sky130_fd_sc_hd__a2111o_2       3
     sky130_fd_sc_hd__a211o_2       68
     sky130_fd_sc_hd__a211oi_2      19
     sky130_fd_sc_hd__a21bo_2       44
     sky130_fd_sc_hd__a21boi_2      30
     sky130_fd_sc_hd__a21o_2       203
     sky130_fd_sc_hd__a21oi_2      264
     sky130_fd_sc_hd__a221o_2       62
     sky130_fd_sc_hd__a22o_2        69
     sky130_fd_sc_hd__a22oi_2        4
     sky130_fd_sc_hd__a2bb2o_2      41
     sky130_fd_sc_hd__a2bb2oi_2      4
     sky130_fd_sc_hd__a311o_2       11
     sky130_fd_sc_hd__a311oi_2      16
     sky130_fd_sc_hd__a31o_2       103
     sky130_fd_sc_hd__a31oi_2       17
     sky130_fd_sc_hd__a32o_2         8
     sky130_fd_sc_hd__a32oi_2        2
     sky130_fd_sc_hd__a41o_2         6
     sky130_fd_sc_hd__and2_2       273
     sky130_fd_sc_hd__and2b_2      356
     sky130_fd_sc_hd__and3_2       145
     sky130_fd_sc_hd__and3b_2       41
     sky130_fd_sc_hd__and4_2         9
     sky130_fd_sc_hd__and4b_2        5
     sky130_fd_sc_hd__and4bb_2       1
     sky130_fd_sc_hd__buf_1          1
     sky130_fd_sc_hd__buf_2         15
     sky130_fd_sc_hd__conb_1        10
     sky130_fd_sc_hd__dfrtp_2      463
     sky130_fd_sc_hd__dfstp_2        4
     sky130_fd_sc_hd__dfxtp_2      226
     sky130_fd_sc_hd__inv_2        341
     sky130_fd_sc_hd__mux2_1       647
     sky130_fd_sc_hd__nand2_2      686
     sky130_fd_sc_hd__nand2b_2     298
     sky130_fd_sc_hd__nand3_2       40
     sky130_fd_sc_hd__nand3b_2       1
     sky130_fd_sc_hd__nand4_2        2
     sky130_fd_sc_hd__nand4b_2       1
     sky130_fd_sc_hd__nor2_2       666
     sky130_fd_sc_hd__nor3_2        18
     sky130_fd_sc_hd__nor4_2         3
     sky130_fd_sc_hd__o2111a_2       4
     sky130_fd_sc_hd__o211a_2       84
     sky130_fd_sc_hd__o211ai_2      27
     sky130_fd_sc_hd__o21a_2       101
     sky130_fd_sc_hd__o21ai_2      119
     sky130_fd_sc_hd__o21ba_2       27
     sky130_fd_sc_hd__o21bai_2      20
     sky130_fd_sc_hd__o221a_2       47
     sky130_fd_sc_hd__o22a_2        52
     sky130_fd_sc_hd__o22ai_2       40
     sky130_fd_sc_hd__o2bb2a_2      38
     sky130_fd_sc_hd__o2bb2ai_2      4
     sky130_fd_sc_hd__o311a_2       29
     sky130_fd_sc_hd__o31a_2        40
     sky130_fd_sc_hd__o31ai_2        4
     sky130_fd_sc_hd__o32a_2        10
     sky130_fd_sc_hd__o41a_2         2
     sky130_fd_sc_hd__or2_2        383
     sky130_fd_sc_hd__or3_2         59
     sky130_fd_sc_hd__or3b_2        17
     sky130_fd_sc_hd__or4_2         33
     sky130_fd_sc_hd__or4b_2         4
     sky130_fd_sc_hd__or4bb_2        3
     sky130_fd_sc_hd__xnor2_2      945
     sky130_fd_sc_hd__xor2_2       353

   Chip area for module '\top': 84847.625600
     of which used for sequential elements: 17077.628800 (20.13%)

180. Executing Verilog backend.
Dumping module `\top'.

181. Executing JSON backend.
